/*Usuarios*/
insert into Usuarios (nombre_usuario, contrasena, correo_electronico, telefono, tipo_usuario) values ('glopezv0', 'sI5JK6$', 'mswire0@ihg.com', '9646396067', 'cliente'); 
insert into Usuarios (nombre_usuario, contrasena, correo_electronico, telefono, tipo_usuario) values ('sbrunnoms1', 'bU31Nidk%7TYC', 'afintoph1@bbb.org', '9835686531', 'jefe_de_almacen');
insert into Usuarios (nombre_usuario, contrasena, correo_electronico, telefono, tipo_usuario) values ('ascudders', 'aQ1J+XxPuO', 'tpyvis2@npr.org', '9616045855', 'cliente');
insert into Usuarios (nombre_usuario, contrasena, correo_electronico, telefono, tipo_usuario) values ('roberto', 'eZ6#A?=WJ', 'rober@gmail.com', '9969574250', 'administrador');
insert into Usuarios (nombre_usuario, contrasena, correo_electronico, telefono, tipo_usuario) values ('marco', 'eY9F,re', 'marco@gmail.com', '9913813555', 'administrador');
insert into Usuarios (nombre_usuario, contrasena, correo_electronico, telefono, tipo_usuario) values ('cecilia', 'iE1vNmz@', 'cecilia@gmail.com', '9676143323', 'administrador');
insert into Usuarios (nombre_usuario, contrasena, correo_electronico, telefono, tipo_usuario) values ('foden6', 'oC8r97@I', 'rfetherston6@sakura.ne.jp', '9749997141', 'jefe_de_almacen');
insert into Usuarios (nombre_usuario, contrasena, correo_electronico, telefono, tipo_usuario) values ('cstreather7', 'aK5DYS&j', 'golford7@guardian.co.uk', '9765497499', 'trabajador');
insert into Usuarios (nombre_usuario, contrasena, correo_electronico, telefono, tipo_usuario) values ('bscapens8', 'gN3o+cxx/E', 'kbradberry8@who.int', '9647523808', 'cliente');
insert into Usuarios (nombre_usuario, contrasena, correo_electronico, telefono, tipo_usuario) values ('bcoultish9', 'xA4"+mbO4&', 'epetroff9@cafepress.com', '9894455513', 'trabajador');
insert into Usuarios (nombre_usuario, contrasena, correo_electronico, telefono, tipo_usuario) values ('wthorbona', 'aZ0f1rx@%', 'ctolleta@networkadvertising.org', '9836037149', 'jefe_de_almacen');
insert into Usuarios (nombre_usuario, contrasena, correo_electronico, telefono, tipo_usuario) values ('escrivinerb', 'aH3mfyO', 'lvallantineb@posterous.com', '9867726918', 'trabajador');
insert into Usuarios (nombre_usuario, contrasena, correo_electronico, telefono, tipo_usuario) values ('tthreaderc', 'gD2y?CRw0', 'cahrendsenc@washingtonpost.com', '9603183986', 'cliente');
insert into Usuarios (nombre_usuario, contrasena, correo_electronico, telefono, tipo_usuario) values ('ftonyd02', 'fI8|%kPD', 'lbroaderd@stumbleupon.com', '9985476944', 'jefe_de_almacen');
insert into Usuarios (nombre_usuario, contrasena, correo_electronico, telefono, tipo_usuario) values ('santman01', 'uR3k,PyW9MaWI', 'santmanci@gmail.com', '9943466739', 'administrador');
insert into Usuarios (nombre_usuario, contrasena, correo_electronico, telefono, tipo_usuario) values ('kcarolf', 'zB5ecLe', 'jlyptritf@ucoz.ru', '9652115350', 'jefe_de_almacen');
insert into Usuarios (nombre_usuario, contrasena, correo_electronico, telefono, tipo_usuario) values ('swakefordg', 'vJ33fBC2!r', 'pmacaughtrieg@shop-pro.jp', '9712757120', 'cliente');
insert into Usuarios (nombre_usuario, contrasena, correo_electronico, telefono, tipo_usuario) values ('kjonh', 'pS7B2JC49B', 'sibbitsonh@vinaora.com', '9986406604', 'trabajador');
insert into Usuarios (nombre_usuario, contrasena, correo_electronico, telefono, tipo_usuario) values ('roalvarta', 'sB9UDEL', 'roealhuer@gmail.com', '9995355075', 'administrador');
insert into Usuarios (nombre_usuario, contrasena, correo_electronico, telefono, tipo_usuario) values ('alabbatij', 'pC7yBQXT+$?y', 'gkyllfordj@shutterfly.com', '9730833751', 'cliente');
insert into Usuarios (nombre_usuario, contrasena, correo_electronico, telefono, tipo_usuario) values ('nbyllamk', 'mR9n3XFvnVDQ', 'lortk@pcworld.com', '9790510607', 'trabajador');
insert into Usuarios (nombre_usuario, contrasena, correo_electronico, telefono, tipo_usuario) values ('ctilzeyl', 'nX20VEpH', 'etrumpeterl@microsoft.com', '9682265107', 'jefe_de_almacen');
insert into Usuarios (nombre_usuario, contrasena, correo_electronico, telefono, tipo_usuario) values ('fhiersm', 'pF4+b3Z', 'aleggonm@uol.com.br', '9782441870', 'jefe_de_almacen');
insert into Usuarios (nombre_usuario, contrasena, correo_electronico, telefono, tipo_usuario) values ('ucounselln', 'pX9u*&1', 'smabonn@goo.gl', '9911914517', 'trabajador');
insert into Usuarios (nombre_usuario, contrasena, correo_electronico, telefono, tipo_usuario) values ('wcurmano', 'yK5ufGCU0R', 'rsayceo@alexa.com', '9714938862', 'trabajador');
insert into Usuarios (nombre_usuario, contrasena, correo_electronico, telefono, tipo_usuario) values ('roholleganp', 'kJ3?6lSTe', 'audalep@discuz.net', '9766498791', 'trabajador');
insert into Usuarios (nombre_usuario, contrasena, correo_electronico, telefono, tipo_usuario) values ('rgipsonq', 'vT0yskzQGV', 'sscottsq@mac.com', '9717664465', 'trabajador');
insert into Usuarios (nombre_usuario, contrasena, correo_electronico, telefono, tipo_usuario) values ('mdixier', 'cS4$4sOixwEJw', 'lstreetenr@surveymonkey.com', '9706403746', 'cliente');
insert into Usuarios (nombre_usuario, contrasena, correo_electronico, telefono, tipo_usuario) values ('leverils', 'cH7MPXoQ*', 'lgilcriests@google.com.au', '9626944450', 'jefe_de_almacen');
insert into Usuarios (nombre_usuario, contrasena, correo_electronico, telefono, tipo_usuario) values ('pmaccolmt', 'lW9mdpWTPHX', 'npenvardent@yandex.ru', '9919080771', 'jefe_de_almacen');
insert into Usuarios (nombre_usuario, contrasena, correo_electronico, telefono, tipo_usuario) values ('hklicheu', 'uW2+m0V#K', 'bhollidgeu@timesonline.co.uk', '9822645237', 'trabajador');
insert into Usuarios (nombre_usuario, contrasena, correo_electronico, telefono, tipo_usuario) values ('jfountainev', 'dK0@#Jt4', 'sebenezerv@apache.org', '9975342181', 'cliente');
insert into Usuarios (nombre_usuario, contrasena, correo_electronico, telefono, tipo_usuario) values ('tgrimolbiew', 'nA7$vC&*', 'cchessillw@simplemachines.org', '9950796815', 'trabajador');
insert into Usuarios (nombre_usuario, contrasena, correo_electronico, telefono, tipo_usuario) values ('ifleethamx', 'vF5%vNYUw', 'omcauslanx@google.co.uk', '9777114101', 'cliente');
insert into Usuarios (nombre_usuario, contrasena, correo_electronico, telefono, tipo_usuario) values ('btribbecky', 'sS7j#xBd', 'fpulfery@devhub.com', '9633462023', 'trabajador');
insert into Usuarios (nombre_usuario, contrasena, correo_electronico, telefono, tipo_usuario) values ('mstoeckz', 'gD4lurqp@', 'vwongz@xrea.com', '9634832923', 'cliente');
insert into Usuarios (nombre_usuario, contrasena, correo_electronico, telefono, tipo_usuario) values ('ctoll10', 'qU4rFupOKV', 'sshambrook10@globo.com', '9758963106', 'trabajador');
insert into Usuarios (nombre_usuario, contrasena, correo_electronico, telefono, tipo_usuario) values ('jmacfadzan11', 'qW8Hrg#YC4*z', 'dgawthrop11@blogger.com', '9638664439', 'cliente');
insert into Usuarios (nombre_usuario, contrasena, correo_electronico, telefono, tipo_usuario) values ('jdickson12', 'xF8LraQl6W%', 'mroostan12@google.co.uk', '9762064498', 'cliente');
insert into Usuarios (nombre_usuario, contrasena, correo_electronico, telefono, tipo_usuario) values ('ainkster13', 'zE74j7u', 'scarthy13@typepad.com', '9739651886', 'trabajador');
insert into Usuarios (nombre_usuario, contrasena, correo_electronico, telefono, tipo_usuario) values ('tgreeson14', 'hT4fxSj3bIK', 'mbenley14@ucoz.ru', '9763087963', 'trabajador');
insert into Usuarios (nombre_usuario, contrasena, correo_electronico, telefono, tipo_usuario) values ('mlarver15', 'uH1/q=Qa$r*Kul', 'dnunesnabarro15@oaic.gov.au', '9720894300', 'cliente');
insert into Usuarios (nombre_usuario, contrasena, correo_electronico, telefono, tipo_usuario) values ('shelin16', 'xE85Dc7L', 'ljeans16@alexa.com', '9792517428', 'trabajador');
insert into Usuarios (nombre_usuario, contrasena, correo_electronico, telefono, tipo_usuario) values ('fpashe17', 'aN75|wLBO', 'ogamble17@sun.com', '9973306457', 'cliente');
insert into Usuarios (nombre_usuario, contrasena, correo_electronico, telefono, tipo_usuario) values ('ldoubrava18', 'sM9SuTrLY=', 'efrostdicke18@stumbleupon.com', '9648485094', 'trabajador');
insert into Usuarios (nombre_usuario, contrasena, correo_electronico, telefono, tipo_usuario) values ('ogrieves19', 'aS1C&1rr#j_k!', 'cdoxsey19@furl.net', '9996717743', 'trabajador');
insert into Usuarios (nombre_usuario, contrasena, correo_electronico, telefono, tipo_usuario) values ('rhowgate1a', 'wU4.+cx%R', 'bshurrocks1a@bbc.co.uk', '9735000711', 'trabajador');
insert into Usuarios (nombre_usuario, contrasena, correo_electronico, telefono, tipo_usuario) values ('dtome1b', 'xI9jKrBe', 'gdeschlein1b@macromedia.com', '9638470089', 'cliente');
insert into Usuarios (nombre_usuario, contrasena, correo_electronico, telefono, tipo_usuario) values ('rjakubski1c', 'oZ64mtAI@S', 'mwildman1c@cargocollective.com', '9764916135', 'trabajador');
insert into Usuarios (nombre_usuario, contrasena, correo_electronico, telefono, tipo_usuario) values ('ttunney1d', 'sM35n6Dwlj', 'velsbury1d@edublogs.org', '9712348729', 'trabajador');
insert into Usuarios (nombre_usuario, contrasena, correo_electronico, telefono, tipo_usuario) values ('beliasen1e', 'hZ9*+LpzZC', 'bfender1e@xing.com', '9975537301', 'trabajador');
insert into Usuarios (nombre_usuario, contrasena, correo_electronico, telefono, tipo_usuario) values ('gnaisbet1f', 'xJ5cb1cxa', 'ewitherup1f@mapy.cz', '9905263352', 'trabajador');
insert into Usuarios (nombre_usuario, contrasena, correo_electronico, telefono, tipo_usuario) values ('bsucre1g', 'lV7LV2=k%', 'rcutler1g@slideshare.net', '9857297618', 'trabajador');
insert into Usuarios (nombre_usuario, contrasena, correo_electronico, telefono, tipo_usuario) values ('fbrucker1h', 'uS9S7J@pYKmr', 'shaythornthwaite1h@amazon.com', '9779347048', 'trabajador');
insert into Usuarios (nombre_usuario, contrasena, correo_electronico, telefono, tipo_usuario) values ('ssolan1i', 'eM53Pt3b@c3axO', 'aachromov1i@ask.com', '9886346837', 'cliente');
insert into Usuarios (nombre_usuario, contrasena, correo_electronico, telefono, tipo_usuario) values ('fjoncic1j', 'hP9cMj+cx', 'ikidder1j@i2i.jp', '9729365547', 'trabajador');
insert into Usuarios (nombre_usuario, contrasena, correo_electronico, telefono, tipo_usuario) values ('opinney1k', 'iY8?r@$oX', 'mmound1k@china.com.cn', '9770089172', 'trabajador');
insert into Usuarios (nombre_usuario, contrasena, correo_electronico, telefono, tipo_usuario) values ('telliot1l', 'bZ9cA0nHro!', 'bsquelch1l@gmpg.org', '9915426366', 'trabajador');
insert into Usuarios (nombre_usuario, contrasena, correo_electronico, telefono, tipo_usuario) values ('vbonfield1m', 'jW6lcQ?PW', 'mdabell1m@hud.gov', '9905653488', 'trabajador');
insert into Usuarios (nombre_usuario, contrasena, correo_electronico, telefono, tipo_usuario) values ('rmackomb1n', 'xW5F@YGdwJq6&', 'cainsby1n@wikipedia.org', '9975822200', 'trabajador');
insert into Usuarios (nombre_usuario, contrasena, correo_electronico, telefono, tipo_usuario) values ('vnortunen1o', 'wW3uhz*Go*', 'ajarrad1o@va.gov', '9725917864', 'cliente');
insert into Usuarios (nombre_usuario, contrasena, correo_electronico, telefono, tipo_usuario) values ('lgettings1p', 'qW3d!kFKyvp', 'skahen1p@nbcnews.com', '9805566315', 'trabajador');
insert into Usuarios (nombre_usuario, contrasena, correo_electronico, telefono, tipo_usuario) values ('ckhadir1q', 'zZ79c9Tj%38', 'namies1q@typepad.com', '9950515686', 'trabajador');
insert into Usuarios (nombre_usuario, contrasena, correo_electronico, telefono, tipo_usuario) values ('mbeltzner1r', 'wY6Kd+mcx', 'astreatfeild1r@baidu.com', '9994296103', 'cliente');
insert into Usuarios (nombre_usuario, contrasena, correo_electronico, telefono, tipo_usuario) values ('hdaniell1s', 'fU3v+cxJ', 'jaddicote1s@mtv.com', '9609939638', 'trabajador');
insert into Usuarios (nombre_usuario, contrasena, correo_electronico, telefono, tipo_usuario) values ('ebotger1t', 'aE8LSTw*432%O', 'tdanat1t@engadget.com', '9804685723', 'cliente');
insert into Usuarios (nombre_usuario, contrasena, correo_electronico, telefono, tipo_usuario) values ('kdouris1u', 'kB0I+2c40KOyN', 'mspatarul1u@house.gov', '9916709828', 'trabajador');
insert into Usuarios (nombre_usuario, contrasena, correo_electronico, telefono, tipo_usuario) values ('rmallindine1v', 'fY9Ti+@cdy', 'mkalf1v@slideshare.net', '9724666611', 'trabajador');
insert into Usuarios (nombre_usuario, contrasena, correo_electronico, telefono, tipo_usuario) values ('tkubasek1w', 'jKe6+3oR_s', 'rhaugg1w@nasa.gov', '9912989133', 'trabajador');
insert into Usuarios (nombre_usuario, contrasena, correo_electronico, telefono, tipo_usuario) values ('mambrosi1x', 'mP6+qcRUy', 'cbrissard1x@google.ca', '9711482448', 'cliente');
insert into Usuarios (nombre_usuario, contrasena, correo_electronico, telefono, tipo_usuario) values ('jbeeson1y', 'yS5oeynnddg3', 'pbrandi1y@squidoo.com', '9650955483', 'trabajador');
insert into Usuarios (nombre_usuario, contrasena, correo_electronico, telefono, tipo_usuario) values ('lturpey1z', 'fX8mrz?Mype', 'vquickenden1z@dion.ne.jp', '9940878495', 'trabajador');
insert into Usuarios (nombre_usuario, contrasena, correo_electronico, telefono, tipo_usuario) values ('fpitchers20', 'kX3Nyn3', 'fbahlmann20@china.com.cn', '9686444151', 'cliente');
insert into Usuarios (nombre_usuario, contrasena, correo_electronico, telefono, tipo_usuario) values ('wkerby21', 'gW3GpDiurr8lu', 'rsimpkins21@xinhuanet.com', '9920852939', 'trabajador');
insert into Usuarios (nombre_usuario, contrasena, correo_electronico, telefono, tipo_usuario) values ('brobben22', 'cO3+wJAZx#O', 'ghanford22@google.cn', '9659133889', 'cliente');
insert into Usuarios (nombre_usuario, contrasena, correo_electronico, telefono, tipo_usuario) values ('dgaitone23', 'eN1epzZ+JXfb', 'ioshee23@hostgator.com', '9756550965', 'trabajador');
insert into Usuarios (nombre_usuario, contrasena, correo_electronico, telefono, tipo_usuario) values ('mricciardello24', 'oF4c!%=6px', 'hkirkland24@upenn.edu', '9989450742', 'trabajador');
insert into Usuarios (nombre_usuario, contrasena, correo_electronico, telefono, tipo_usuario) values ('jhabbijam25', 'aY1,8&wJ?DwWa', 'gdenes25@studiopress.com', '9876773736', 'trabajador');
insert into Usuarios (nombre_usuario, contrasena, correo_electronico, telefono, tipo_usuario) values ('dfowden26', 'jD6%*VBZC', 'tshurlock26@usatoday.com', '9703583976', 'trabajador');
insert into Usuarios (nombre_usuario, contrasena, correo_electronico, telefono, tipo_usuario) values ('elawrinson27', 'aX6YD_fYcAs#', 'drashleigh27@disqus.com', '9860685623', 'trabajador');
insert into Usuarios (nombre_usuario, contrasena, correo_electronico, telefono, tipo_usuario) values ('sandrag28', 'rB3%CeN$W', 'gashelford28@mysql.com', '9831541976', 'trabajador');
insert into Usuarios (nombre_usuario, contrasena, correo_electronico, telefono, tipo_usuario) values ('smccardle29', 'wS9$A+zGHmd', 'rkeri29@quantcast.com', '9719226318', 'trabajador');
insert into Usuarios (nombre_usuario, contrasena, correo_electronico, telefono, tipo_usuario) values ('alavrinov2a', 'wL6%r1e+*', 'aswyndley2a@naver.com', '9706669391', 'trabajador');
insert into Usuarios (nombre_usuario, contrasena, correo_electronico, telefono, tipo_usuario) values ('vhengoed2b', 'elX4b.6?', 'tiskowicz2b@yahoo.com', '9998254777', 'trabajador');
insert into Usuarios (nombre_usuario, contrasena, correo_electronico, telefono, tipo_usuario) values ('fmciver2c', 'zA1&FesbJp?Du', 'ebaptista2c@1und1.de', '9969252072', 'cliente');
insert into Usuarios (nombre_usuario, contrasena, correo_electronico, telefono, tipo_usuario) values ('mbiset2d', 'kD6bbNraV3.oc', 'rgrowy2d@sciencedaily.com', '9849842724', 'trabajador');
insert into Usuarios (nombre_usuario, contrasena, correo_electronico, telefono, tipo_usuario) values ('fdownage2e', 'qV7ItC=rN_', 'densten2e@cisco.com', '9958333784', 'trabajador');
insert into Usuarios (nombre_usuario, contrasena, correo_electronico, telefono, tipo_usuario) values ('solech2f', 'wY7LZ+sk96', 'ilaviste2f@unicef.org', '9995833146', 'trabajador');
insert into Usuarios (nombre_usuario, contrasena, correo_electronico, telefono, tipo_usuario) values ('ekilmaster2g', 'zJ8Ysz%', 'wcullity2g@fda.gov', '9612360647', 'trabajador');
insert into Usuarios (nombre_usuario, contrasena, correo_electronico, telefono, tipo_usuario) values ('rsaunier2h', 'fM9!&Ns', 'vgilchrest2h@statcounter.com', '9999208313', 'trabajador');
insert into Usuarios (nombre_usuario, contrasena, correo_electronico, telefono, tipo_usuario) values ('oleece2i', 'zR4881b%', 'msleeny2i@w3.org', '9606201142', 'trabajador');
insert into Usuarios (nombre_usuario, contrasena, correo_electronico, telefono, tipo_usuario) values ('bwittering2j', 'pS5O@5Wd8', 'umcfadin2j@weebly.com', '9997609088', 'trabajador');
insert into Usuarios (nombre_usuario, contrasena, correo_electronico, telefono, tipo_usuario) values ('gcabane2k', 'zN0mr+OxC', 'cbeavis2k@who.int', '9930739518', 'cliente');
insert into Usuarios (nombre_usuario, contrasena, correo_electronico, telefono, tipo_usuario) values ('simason2l', 'gI6pS5?yEIc,', 'togilvy2l@dedecms.com', '9889681942', 'trabajador');
insert into Usuarios (nombre_usuario, contrasena, correo_electronico, telefono, tipo_usuario) values ('amilsap2m', 'vH9IuKY', 'abellchamber2m@nba.com', '9807429747', 'trabajador');
insert into Usuarios (nombre_usuario, contrasena, correo_electronico, telefono, tipo_usuario) values ('vmillett2n', 'rL3oMnw%gr1T4', 'fedrich2n@ycombinator.com', '9936806371', 'trabajador');
insert into Usuarios (nombre_usuario, contrasena, correo_electronico, telefono, tipo_usuario) values ('carkwright2o', 'lH0g0hiOgrfgx', 'hgrief2o@princeton.edu', '9892736423', 'trabajador');
insert into Usuarios (nombre_usuario, contrasena, correo_electronico, telefono, tipo_usuario) values ('egrier2p', 'aJ2Es+B%3', 'tculshew2p@rediff.com', '9873483424', 'cliente');
insert into Usuarios (nombre_usuario, contrasena, correo_electronico, telefono, tipo_usuario) values ('kkhrishtafovich2q', 'yU7SQPGJ?=R', 'fshilton2q@tmall.com', '9989168486', 'trabajador');
insert into Usuarios (nombre_usuario, contrasena, correo_electronico, telefono, tipo_usuario) values ('mhewell2r', 'qL94.+Clv', 'ldivver2r@dedecms.com', '9876950722', 'cliente');
/*Suspendidos*/
insert into Usuarios (nombre_usuario, contrasena, correo_electronico, telefono, tipo_usuario, estado) values ('fbrayson0', 'lF2NP!jq.34%', 'khorche0@census.gov', '9761701834', 'jefe_de_almacen', 'suspendido');
insert into Usuarios (nombre_usuario, contrasena, correo_electronico, telefono, tipo_usuario, estado) values ('smatzkaitis1', 'vS21ZoAf', 'bsiggins1@feedburner.com', '9719465749', 'trabajador', 'suspendido');
insert into Usuarios (nombre_usuario, contrasena, correo_electronico, telefono, tipo_usuario, estado) values ('ggile2', 'uB9pLSmljl', 'ylynn2@gmail.com', '9887953051', 'jefe_de_almacen', 'suspendido');
insert into Usuarios (nombre_usuario, contrasena, correo_electronico, telefono, tipo_usuario, estado) values ('ageleman3', 'zX1N1jC1i&gZ"', 'khambelton3@email.com', '9763443523', 'trabajador', 'suspendido');
insert into Usuarios (nombre_usuario, contrasena, correo_electronico, telefono, tipo_usuario, estado) values ('fthornley4', 'uI5yEfTV', 'cgoulston4@funny.net', '9656248971', 'trabajador', 'suspendido');
/*Mas clientes*/
insert into Usuarios (nombre_usuario, contrasena, correo_electronico, telefono, tipo_usuario) values ('juanlamb0', 'zS10a_HkaIu', 'juando@outlook.com', '974351873', 'cliente');
insert into Usuarios (nombre_usuario, contrasena, correo_electronico, telefono, tipo_usuario) values ('ehearle2', 'nO5XuHo&=zWN5e', 'turpis@google.ca', '956698162', 'cliente');
insert into Usuarios (nombre_usuario, contrasena, correo_electronico, telefono, tipo_usuario) values ('evertop4', 'qI6FFuBww', 'dui.nec@outlook.net', '956698162', 'cliente');
insert into Usuarios (nombre_usuario, contrasena, correo_electronico, telefono, tipo_usuario) values ('agrimm5', 'hK2B#lpKuqR', 'vestibulum@outlook.ca', '963887046', 'cliente');
insert into Usuarios (nombre_usuario, contrasena, correo_electronico, telefono, tipo_usuario) values ('figrim', 'cW4vRhBu', 'nunc.ullamcorper.velit@yahoo.ca', '943508362', 'cliente');
insert into Usuarios (nombre_usuario, contrasena, correo_electronico, telefono, tipo_usuario) values ('mariaj01', 'uZ3ZI!fk6EVp@', 'quisque.purus@aol.com', '949626098', 'cliente');
insert into Usuarios (nombre_usuario, contrasena, correo_electronico, telefono, tipo_usuario) values ('gaired', 'mO235WNBt?oo&u', 'morbi@icloud.pe', '960880773', 'cliente');
insert into Usuarios (nombre_usuario, contrasena, correo_electronico, telefono, tipo_usuario) values ('rupstonq', 'qQ9mU*VwmFFZC', 'nec.orci.donec@hotmail.org', '968386347', 'cliente');
insert into Usuarios (nombre_usuario, contrasena, correo_electronico, telefono, tipo_usuario) values ('agrosierz', 'lD26qCzP@qSo+XM', 'est.mollis@hotmail.pe', '959179161', 'cliente');
insert into Usuarios (nombre_usuario, contrasena, correo_electronico, telefono, tipo_usuario) values ('amosedi17', 'gC6y@JiU6r?', 'ante.iaculis@gmail.com', '959179161', 'cliente');

/*Clientes*/
insert into Clientes (id_usuario, nombre, apellido, departamento) values (1, 'Diego', 'Medina', 'Lima');
insert into Clientes (id_usuario, nombre, apellido, departamento) values (3, 'Juan', 'Torres', 'Cusco');
insert into Clientes (id_usuario, nombre, apellido, departamento) values (9, 'Laura', 'Gutiérrez', 'Lima');
insert into Clientes (id_usuario, nombre, apellido, departamento) values (13, 'Isabel', 'Mendoza', 'Lima');
insert into Clientes (id_usuario, nombre, apellido, departamento) values (17, 'Rodrigo', 'Gómez', 'Lima');
insert into Clientes (id_usuario, nombre, apellido, departamento) values (20, 'Victoria', 'Ramos', 'Cusco');
insert into Clientes (id_usuario, nombre, apellido, departamento) values (28, 'María', 'Castro', 'Lima');
insert into Clientes (id_usuario, nombre, apellido, departamento) values (32, 'Mario', 'Herrera', 'Callao');
insert into Clientes (id_usuario, nombre, apellido, departamento) values (34, 'Mario', 'Gutiérrez', 'Ica');
insert into Clientes (id_usuario, nombre, apellido, departamento) values (36, 'Rodrigo', 'Castillo', 'Ucayali');
insert into Clientes (id_usuario, nombre, apellido, departamento) values (38, 'Victoria', 'Quispe', 'Pasco');
insert into Clientes (id_usuario, nombre, apellido, departamento) values (39, 'Diana', 'Paredes', 'Tacna');
insert into Clientes (id_usuario, nombre, apellido, departamento) values (42, 'Victoria', 'Aquino', 'Lima');
insert into Clientes (id_usuario, nombre, apellido, departamento) values (44, 'Gabriela', 'Castro', 'Tacna');
insert into Clientes (id_usuario, nombre, apellido, departamento) values (48, 'Clara', 'Herrera', 'Ucayali');
insert into Clientes (id_usuario, nombre, apellido, departamento) values (55, 'Miguel', 'Ramos', 'Lambayeque');
insert into Clientes (id_usuario, nombre, apellido, departamento) values (61, 'Francisco', 'Díaz', 'Cusco');
insert into Clientes (id_usuario, nombre, apellido, departamento) values (64, 'Felipe', 'Mendoza', 'Callao');
insert into Clientes (id_usuario, nombre, apellido, departamento) values (66, 'Carlos', 'León', 'Moquegua');
insert into Clientes (id_usuario, nombre, apellido, departamento) values (70, 'Andrea', 'Aquino', 'Cusco');
insert into Clientes (id_usuario, nombre, apellido, departamento) values (73, 'Adriana', 'Jiménez', 'Ica');
insert into Clientes (id_usuario, nombre, apellido, departamento) values (75, 'Manuel', 'González', 'Áncash');
insert into Clientes (id_usuario, nombre, apellido, departamento) values (85, 'Diego', 'Guzmán', 'Lima');
insert into Clientes (id_usuario, nombre, apellido, departamento) values (93, 'Eduardo', 'Mendoza', 'Lima');
insert into Clientes (id_usuario, nombre, apellido, departamento) values (98, 'Luis', 'Paredes', 'Lambayeque');
insert into Clientes (id_usuario, nombre, apellido, departamento) values (100, 'Sofia', 'Jiménez', 'Cusco');
insert into Clientes (id_usuario, nombre, apellido, departamento) values (101, 'Pablo', 'Castro', 'Ica');
insert into Clientes (id_usuario, nombre, apellido, departamento) values (102, 'Gael', 'Ramos', 'Lima');
insert into Clientes (id_usuario, nombre, apellido, departamento) values (103, 'Isidora', 'Castro', 'Ucayali');
insert into Clientes (id_usuario, nombre, apellido, departamento) values (104, 'Gabriel', 'Castro', 'Tacna');
insert into Clientes (id_usuario, nombre, apellido, departamento) values (105, 'Isabella', 'Gutiérrez', 'Lima');
insert into Clientes (id_usuario, nombre, apellido, departamento) values (106, 'Gabriel', 'Núñez', 'Amazonas');
insert into Clientes (id_usuario, nombre, apellido, departamento) values (107, 'Nicolás', 'Núñez', 'Junín');
insert into Clientes (id_usuario, nombre, apellido, departamento) values (108, 'Victoria', 'Ortega', 'Arequipa');
insert into Clientes (id_usuario, nombre, apellido, departamento) values (109, 'Valeria', 'Fernández', 'Callao');
insert into Clientes (id_usuario, nombre, apellido, departamento) values (110, 'Enzo', 'Núñez', 'Lima');

/*Roles*/
insert into Roles (nombre_rol, descripcion) values ('Trabajador de postventa', 'Encargado de atender los incidentes que surgan en postventa del servicio.');
insert into Roles (nombre_rol, descripcion) values ('Jefe de almacén', 'Encargado de supervisar el stock de los insumos y suministrar al trabajador de postventa.');
insert into Roles (nombre_rol, descripcion) values ('Administrador del sistema', 'Encargado administrar el sistema implementado y mantener al usuario.');

/*trabajador*/
/*Administrador del Sistema*/
insert into Personal (id_usuario, nombre, apellido, id_rol) values (4, 'Roberto', 'Gomez', 3);
insert into Personal (id_usuario, nombre, apellido, id_rol) values (5, 'Marco', 'Lopez', 3);
insert into Personal (id_usuario, nombre, apellido, id_rol) values (6, 'Cecilia', 'Ramirez', 3);
insert into Personal (id_usuario, nombre, apellido, id_rol) values (15, 'Jesus', 'Mesa', 3);
insert into Personal (id_usuario, nombre, apellido, id_rol) values (19, 'Antonio', 'Ruiz', 3);
/*Jefes de Almacen*/
insert into Personal (id_usuario, nombre, apellido, id_rol) values (8, 'Martin', 'Rodriguez', 2);
insert into Personal (id_usuario, nombre, apellido, id_rol) values (10, 'Sheila', 'Molina', 2);
insert into Personal (id_usuario, nombre, apellido, id_rol) values (12, 'Henry', 'Peralta', 2);
insert into Personal (id_usuario, nombre, apellido, id_rol) values (18, 'Boris', 'Espinoza', 2);
insert into Personal (id_usuario, nombre, apellido, id_rol) values (21, 'Nicole', 'Aguilar', 2);
/*trabajador de post venta*/
insert into Personal (id_usuario, nombre, apellido, id_rol) values (24, 'Diego', 'Ramírez', 1);
insert into Personal (id_usuario, nombre, apellido, id_rol) values (25, 'Owen', 'Quiroz', 1);
insert into Personal (id_usuario, nombre, apellido, id_rol) values (26, 'Valentina', 'García', 1);
insert into Personal (id_usuario, nombre, apellido, id_rol) values (27, 'Isabella', 'Martínez', 1);
insert into Personal (id_usuario, nombre, apellido, id_rol) values (31, 'Ethan', 'Gómez', 1);
insert into Personal (id_usuario, nombre, apellido, id_rol) values (33, 'Camila', 'Johnson', 1);
insert into Personal (id_usuario, nombre, apellido, id_rol) values (35, 'Aitana', 'Caceres', 1);
insert into Personal (id_usuario, nombre, apellido, id_rol) values (37, 'Liam', 'Fernández', 1);
insert into Personal (id_usuario, nombre, apellido, id_rol) values (40, 'Santiago', 'Rodríguez', 1);
insert into Personal (id_usuario, nombre, apellido, id_rol) values (41, 'Emma', 'Pérez', 1);
insert into Personal (id_usuario, nombre, apellido, id_rol) values (43, 'Lucas', 'Torres', 1);
insert into Personal (id_usuario, nombre, apellido, id_rol) values (45, 'Violeta', 'Ponce', 1);
insert into Personal (id_usuario, nombre, apellido, id_rol) values (46, 'Matías', 'Maldonado', 1);
insert into Personal (id_usuario, nombre, apellido, id_rol) values (47, 'Alessandra', 'Barreto', 1);
insert into Personal (id_usuario, nombre, apellido, id_rol) values (49, 'Mia', 'Martinez', 1);
insert into Personal (id_usuario, nombre, apellido, id_rol) values (50, 'Luis', 'Gutiérrez', 1);
insert into Personal (id_usuario, nombre, apellido, id_rol) values (51, 'Valeria', 'Hernández', 1);
insert into Personal (id_usuario, nombre, apellido, id_rol) values (52, 'Martín', 'Fernández', 1);
insert into Personal (id_usuario, nombre, apellido, id_rol) values (53, 'Camila', 'Gómez', 1);
insert into Personal (id_usuario, nombre, apellido, id_rol) values (54, 'Renzo', 'Suárez', 1);
insert into Personal (id_usuario, nombre, apellido, id_rol) values (56, 'Renata', 'Alvarez', 1);
insert into Personal (id_usuario, nombre, apellido, id_rol) values (57, 'Andrés', 'Soto', 1);
insert into Personal (id_usuario, nombre, apellido, id_rol) values (58, 'Alessandra', 'Vargas', 1);
insert into Personal (id_usuario, nombre, apellido, id_rol) values (59, 'Santiago', 'López', 1);
insert into Personal (id_usuario, nombre, apellido, id_rol) values (60, 'Sofía', 'Rojas', 1);
insert into Personal (id_usuario, nombre, apellido, id_rol) values (62, 'Lucas', 'Pérez', 1);
insert into Personal (id_usuario, nombre, apellido, id_rol) values (63, 'Mariana', 'Mendoza', 1);
insert into Personal (id_usuario, nombre, apellido, id_rol) values (65, 'Iker', 'Castro', 1);
insert into Personal (id_usuario, nombre, apellido, id_rol) values (67, 'Julia', 'Navarro', 1);
insert into Personal (id_usuario, nombre, apellido, id_rol) values (68, 'Gael', 'Vega', 1);
insert into Personal (id_usuario, nombre, apellido, id_rol) values (69, 'Mía', 'Flores', 1);
insert into Personal (id_usuario, nombre, apellido, id_rol) values (71, 'Isabella', 'Ortiz', 1);
insert into Personal (id_usuario, nombre, apellido, id_rol) values (72, 'Nicolás', 'Herrera', 1);
insert into Personal (id_usuario, nombre, apellido, id_rol) values (74, 'Valentina', 'Sánchez', 1);
insert into Personal (id_usuario, nombre, apellido, id_rol) values (76, 'Sebastian', 'Romero', 1);
insert into Personal (id_usuario, nombre, apellido, id_rol) values (77, 'Thiago', 'Cruz', 1);
insert into Personal (id_usuario, nombre, apellido, id_rol) values (78, 'Ainhoa', 'Martínez', 1);
insert into Personal (id_usuario, nombre, apellido, id_rol) values (79, 'Hugo', 'González', 1);
insert into Personal (id_usuario, nombre, apellido, id_rol) values (80, 'Lucía', 'Gómez', 1);
insert into Personal (id_usuario, nombre, apellido, id_rol) values (81, 'Matías', 'López', 1);
insert into Personal (id_usuario, nombre, apellido, id_rol) values (82, 'Elena', 'Hernández', 1);
insert into Personal (id_usuario, nombre, apellido, id_rol) values (83, 'Thiago', 'Martínez', 1);
insert into Personal (id_usuario, nombre, apellido, id_rol) values (84, 'Renata', 'Rojas', 1);
insert into Personal (id_usuario, nombre, apellido, id_rol) values (86, 'Aitana', 'Suárez', 1);
insert into Personal (id_usuario, nombre, apellido, id_rol) values (87, 'Gael', 'Torres', 1);
insert into Personal (id_usuario, nombre, apellido, id_rol) values (88, 'Nicolás', 'Fernández', 1);
insert into Personal (id_usuario, nombre, apellido, id_rol) values (89, 'Valentina', 'Pérez', 1);
insert into Personal (id_usuario, nombre, apellido, id_rol) values (90, 'Renzo', 'Díaz', 1);
insert into Personal (id_usuario, nombre, apellido, id_rol) values (91, 'Camila', 'Alvarez', 1);
insert into Personal (id_usuario, nombre, apellido, id_rol) values (92, 'Andrés', 'Vargas', 1);
insert into Personal (id_usuario, nombre, apellido, id_rol) values (94, 'Isabella', 'Castro', 1);
insert into Personal (id_usuario, nombre, apellido, id_rol) values (95, 'Martín', 'Navarro', 1);
insert into Personal (id_usuario, nombre, apellido, id_rol) values (96, 'Lucas', 'Gutiérrez', 1);
insert into Personal (id_usuario, nombre, apellido, id_rol) values (97, 'Sofía', 'Medina', 1);
insert into Personal (id_usuario, nombre, apellido, id_rol) values (99, 'Julia', 'Soto', 1);
insert into Personal (id_usuario, nombre, apellido, id_rol) values (112, 'Daniel', 'Moran', 1);
insert into Personal (id_usuario, nombre, apellido, id_rol) values (114, 'Luis', 'Lopez', 1);
insert into Personal (id_usuario, nombre, apellido, id_rol) values (115, 'Nina', 'Peña', 1);

/*Proveedores*/
/*insert into Proveedores (id_usuario, nombre_empresa, direccion, rubro, ciudad, pais, observaciones) values (2, 'Concremax', 'Av. Argentina 123', 'Materiales de construcción', 'Lima', 'Perú', 'Proveedor de materiales de construcción confiable y de alta calidad.  Buen historial de entregas puntuales y servicio al cliente.');
insert into Proveedores (id_usuario, nombre_empresa, direccion, rubro, ciudad, pais, observaciones) values (7, 'Muebles Peruanos S.A.C.', 'Calle Los Pinos 456', 'Equipamiento y mobiliario', 'Lima', 'Perú', 'Especialista en mobiliario de oficina y equipamiento para el hogar. Ofrece una gama completa de productos');
insert into Proveedores (id_usuario, nombre_empresa, direccion, rubro, ciudad, pais, observaciones) values (11, 'Limpieza Express S.A.C.', 'Jr. Huánuco 456', 'Mantenimiento y limpieza', 'Lima', 'Perú', 'Proveedor de servicios de limpieza profesional para empresas y residencias. Destaca por su eficiencia, puntualidad y atención al detalle.');
insert into Proveedores (id_usuario, nombre_empresa, direccion, rubro, ciudad, pais, observaciones) values (14, 'Segurimax Peru SAC', 'Av. Javier Prado Este 1234', 'Equipamiento de seguridad', 'Lima', 'Perú', 'Especialista en equipos de seguridad trabajador y para obras. Compromiso con la calidad y la seguridad de sus productos.');
insert into Proveedores (id_usuario, nombre_empresa, direccion, rubro, ciudad, pais, observaciones) values (16, 'Fontaneros Unidos S.A.C.', 'Av. Paseo de la República 789', 'Fontanería', 'Lima', 'Perú', 'Proveedor de materiales y servicios de fontanería para proyectos residenciales y comerciales. Destaca por su experiencia y profesionalismo en el sector.');
insert into Proveedores (id_usuario, nombre_empresa, direccion, rubro, ciudad, pais, observaciones) values (22, 'Pinturas Lima S.A.', 'Av. Nicolás de Piérola 890', 'Pinturas y revestimientos', 'Lima', 'Perú', 'Proveedor líder en pinturas y revestimientos para proyectos residenciales, comerciales e industriales. Reconocido por su durabilidad y resistencia.');
insert into Proveedores (id_usuario, nombre_empresa, direccion, rubro, ciudad, pais, observaciones) values (23, 'Materiales Alfa S.A.C.', 'Av. Javier Prado Este 5678', 'Materiales de construcción', 'Lima', 'Perú', 'Proveedor confiable de materiales de construcción para proyectos de gran envergadura. Destaca por su capacidad de abastecimiento y servicio al cliente.');
insert into Proveedores (id_usuario, nombre_empresa, direccion, rubro, ciudad, pais, observaciones) values (29, 'Ferretería El Constructor S.A.', 'Av. Nicolás Arriola 1234', 'Materiales de construcción', 'Lima', 'Perú', 'Ferretería de renombre en la industria de la construcción. Reconocida por su atención trabajadorizada y asesoramiento técnico.');
insert into Proveedores (id_usuario, nombre_empresa, direccion, rubro, ciudad, pais, observaciones) values (30, 'Muebles Modernos S.A.C.', 'Av. República de Panamá 567', 'Equipamiento y mobiliario', 'Lima', 'Perú', 'Fabricante y distribuidor de mobiliario moderno y funcional para espacios de oficina y hogar. Destaca por su compromiso con la calidad y el diseño contemporáneo.');
insert into Proveedores (id_usuario, nombre_empresa, direccion, rubro, ciudad, pais, observaciones) values (111, 'Pinturas Vistabell S.A.', 'Av. Los Frutales 890', 'Pinturas y revestimientos', 'Lima', 'Perú', 'Proveedor de pinturas de alta calidad y soluciones de revestimiento para proyectos residenciales y comerciales. Reconocido por su atención al detalle y acabados profesionales.');
insert into Proveedores (id_usuario, nombre_empresa, direccion, rubro, ciudad, pais, observaciones) values (113, 'Constructora y Distribuidora de Materiales S.A.', 'Av. La Marina 2345', 'Materiales de construcción', 'Lima', 'Perú', 'Empresa integral de construcción y distribución de materiales para proyectos de infraestructura y edificación. Reconocida por su experiencia y compromiso con la calidad.');*/

/*Proveedores (ya no usuarios)*/
INSERT INTO Proveedores (nombre_empresa, telefono, correo, direccion, rubro, info_extra) VALUES
('Construcciones González', '+123456789', 'info@construccionesgonzalez.com', 'Calle Mayor 123, Ciudad', 'Construcción', 'Especializados en obras públicas y residenciales.'),
('Materiales y Suministros S.A.', '+987654321', 'info@materialesysuministros.com', 'Avenida Principal 456, Ciudad', 'Construcción', 'Venta de materiales de construcción al por mayor.'),
('Ingeniería y Diseño Estructural', '+111222333', 'contacto@ingenieriaydiseno.com', 'Calle Industrial 789, Ciudad', 'Construcción', 'Servicios de ingeniería y diseño para proyectos de construcción.'),
('Hormigones del Norte', '+555666777', 'info@hormigonesdelnorte.com', 'Carretera del Norte Km 10, Ciudad', 'Construcción', 'Producción y suministro de hormigón premezclado.'),
('Ferretería ConstruTools', '+999888777', 'ventas@construtools.com', 'Calle del Comercio 321, Ciudad', 'Construcción', 'Venta de herramientas y materiales para construcción.'),
('Techos y Estructuras Metálicas', '+444333222', 'info@techosyestructuras.com', 'Avenida Industrial 654, Ciudad', 'Construcción', 'Fabricación e instalación de techos y estructuras metálicas.'),
('Distribuidora de Vidrios y Cristales', '+777888999', 'ventas@vidriosycristales.com', 'Calle de los Vidrieros 789, Ciudad', 'Construcción', 'Venta de vidrios y cristales para proyectos de construcción.'),
('Mantenimiento Integral de Edificaciones', '+666555444', 'contacto@mantedif.com', 'Calle del Mantenimiento 987, Ciudad', 'Construcción', 'Servicios de mantenimiento para edificaciones residenciales y comerciales.'),
('Constructora Nueva Era', '+333444555', 'info@constructoranuevaera.com', 'Avenida de la Construcción 159, Ciudad', 'Construcción', 'Empresa constructora especializada en proyectos residenciales de alta gama.'),
('Suministros Eléctricos y Redes', '+222111000', 'ventas@suministroselectricos.com', 'Calle de la Electricidad 753, Ciudad', 'Construcción', 'Venta de materiales eléctricos y equipos de redes para proyectos de construcción.');
INSERT INTO Proveedores (nombre_empresa, telefono, correo, direccion, rubro, info_extra) VALUES
('Pinturas y Acabados Profesionales', '+111222333', 'ventas@pinturasacabados.com', 'Calle de los Pintores 456, Ciudad', 'Construcción', 'Venta de pinturas y productos para acabados en proyectos de construcción.'),
('Maquinaria Pesada y Equipos de Construcción', '+444555666', 'info@maquinariapesada.com', 'Avenida de la Maquinaria 789, Ciudad', 'Construcción', 'Alquiler y venta de maquinaria pesada para obras de construcción.'),
('Asesoría Legal para Proyectos de Construcción', '+777888999', 'legal@asesoriaconstruccion.com', 'Plaza Legal 321, Ciudad', 'Construcción', 'Servicios legales especializados en el sector de la construcción.'),
('Diseño de Interiores y Decoración', '+999888777', 'info@interioresdecoracion.com', 'Calle de la Decoración 654, Ciudad', 'Construcción', 'Servicios de diseño de interiores y decoración para proyectos residenciales y comerciales.'),
('Venta de Grifería y Sanitarios', '+666555444', 'ventas@griferiasanitarios.com', 'Avenida de los Sanitarios 987, Ciudad', 'Construcción', 'Venta de grifería y sanitarios para proyectos de construcción y remodelación.'),
('Instalaciones Eléctricas y Automatización', '+333222111', 'info@instalacioneselectricas.com', 'Calle de la Automatización 159, Ciudad', 'Construcción', 'Instalación de sistemas eléctricos y automatización para edificaciones.'),
('Pisos y Revestimientos Cerámicos', '+222333444', 'ventas@pisosrevestimientos.com', 'Avenida de los Revestimientos 753, Ciudad', 'Construcción', 'Venta e instalación de pisos y revestimientos cerámicos para proyectos residenciales y comerciales.'),
('Arquitectura Paisajista y Jardinería', '+888777666', 'contacto@arquitecturapaisajista.com', 'Calle del Paisajismo 951, Ciudad', 'Construcción', 'Diseño y mantenimiento de espacios verdes para proyectos de construcción y urbanismo.'),
('Sistemas de Seguridad y Vigilancia', '+555444333', 'info@seguridadvigilancia.com', 'Avenida de la Seguridad 852, Ciudad', 'Construcción', 'Venta e instalación de sistemas de seguridad y vigilancia para edificaciones.'),
('Servicios de Limpieza Post-Obra', '+000999888', 'contacto@limpiezapostobra.com', 'Calle de la Limpieza 147, Ciudad', 'Construcción', 'Servicios de limpieza especializados para obras de construcción y remodelación.');

/*Solicitud de Incidentes*/
INSERT INTO Solicitud_incidente (id_cliente, fecha_solicitud, incidente, estado, fecha_aprobacion, fecha_rechazo, observaciones) 
VALUES (1, '2024-02-10', 'Problema de filtración de agua en el apartamento', 'pendiente', NULL, NULL, 'Se observa una mancha de humedad en la pared del baño.');
INSERT INTO Solicitud_incidente (id_cliente, fecha_solicitud, incidente, estado, fecha_aprobacion, fecha_rechazo, observaciones)
VALUES (2, '2024-02-12', 'Grifo de la cocina que gotea', 'pendiente', NULL, NULL, 'El grifo de la cocina gotea constantemente, incluso cuando está cerrado.');
INSERT INTO Solicitud_incidente (id_cliente, fecha_solicitud, incidente, estado, fecha_aprobacion, fecha_rechazo, observaciones)
VALUES (3, '2024-02-12', 'Piso desnivelado en la sala de estar', 'pendiente', NULL, NULL, 'Se observa una leve desnivelación en el piso de la sala de estar, lo que genera incomodidad al caminar.');
INSERT INTO Solicitud_incidente (id_cliente, fecha_solicitud, incidente, estado, fecha_aprobacion, fecha_rechazo, observaciones)
VALUES (4, '2024-02-14', 'Ventana que no cierra correctamente', 'pendiente', NULL, NULL, 'La ventana del dormitorio principal no cierra correctamente, dejando una abertura que permite la entrada de aire y ruido.');
INSERT INTO Solicitud_incidente (id_cliente, fecha_solicitud, incidente, estado, fecha_aprobacion, fecha_rechazo, observaciones)
VALUES (5, '2024-02-14', 'Problemas con la instalación eléctrica', 'pendiente', NULL, NULL, 'Se observan algunos fallos en la instalación eléctrica, como interruptores que no funcionan correctamente y luces que parpadean.');
INSERT INTO Solicitud_incidente (id_cliente, fecha_solicitud, incidente, estado, fecha_aprobacion, fecha_rechazo, observaciones)
VALUES (6, '2024-02-15', 'Daños en la pintura de la pared del dormitorio', 'pendiente', NULL, NULL, 'Se observan manchas y descascarillamientos en la pintura de la pared del dormitorio.');
INSERT INTO Solicitud_incidente (id_cliente, fecha_solicitud, incidente, estado, fecha_aprobacion, fecha_rechazo, observaciones)
VALUES (7, '2024-03-05', 'Problemas con la puerta de entrada principal', 'pendiente', NULL, NULL, 'La puerta de entrada principal no cierra correctamente, lo que genera un riesgo de seguridad.');
INSERT INTO Solicitud_incidente (id_cliente, fecha_solicitud, incidente, estado, fecha_aprobacion, fecha_rechazo, observaciones) 
VALUES (8, '2024-03-10', 'Grietas en la pared de la sala de estar', 'pendiente', NULL, NULL, 'Se observan grietas en la pared de la sala, posiblemente debido a asentamiento estructural.');
INSERT INTO Solicitud_incidente (id_cliente, fecha_solicitud, incidente, estado, fecha_aprobacion, fecha_rechazo, observaciones) 
VALUES (9, '2024-03-12', 'Humedad en el techo de la cocina', 'pendiente', NULL, NULL, 'Se detecta una mancha de humedad en el techo de la cocina, cerca de la ventana.');
INSERT INTO Solicitud_incidente (id_cliente, fecha_solicitud, incidente, estado, fecha_aprobacion, fecha_rechazo, observaciones) 
VALUES (10, '2024-03-13', 'Azulejos rotos en el baño principal', 'pendiente', NULL, NULL, 'Algunos azulejos en el área de la ducha del baño principal están rotos y necesitan ser reemplazados.');
INSERT INTO Solicitud_incidente (id_cliente, fecha_solicitud, incidente, estado, fecha_aprobacion, fecha_rechazo, observaciones) 
VALUES (11, '2024-03-17', 'Puerta corredera del balcón no se desliza correctamente', 'pendiente', NULL, NULL, 'La puerta corredera del balcón está atascada y no se desliza suavemente.');
INSERT INTO Solicitud_incidente (id_cliente, fecha_solicitud, incidente, estado, fecha_aprobacion, fecha_rechazo, observaciones) 
VALUES (12, '2024-03-19', 'Problema con la instalación eléctrica en el garaje', 'pendiente', NULL, NULL, 'Se experimentan cortes intermitentes de energía en el sistema eléctrico del garaje.');
INSERT INTO Solicitud_incidente (id_cliente, fecha_solicitud, incidente, estado, fecha_aprobacion, fecha_rechazo, observaciones) 
VALUES (13, '2024-03-24', 'Pintura descascarada en la moldura del techo', 'pendiente', NULL, NULL, 'La pintura en la moldura del techo se está descascarando y necesita ser corregida.');
INSERT INTO Solicitud_incidente (id_cliente, fecha_solicitud, incidente, estado, fecha_aprobacion, fecha_rechazo, observaciones) 
VALUES (14, '2024-03-25', 'Grietas en el yeso de la pared del pasillo', 'pendiente', NULL, NULL, 'Se han formado grietas en el yeso de la pared del pasillo que necesitan ser reparadas.');
INSERT INTO Solicitud_incidente (id_cliente, fecha_solicitud, incidente, estado, fecha_aprobacion, fecha_rechazo, observaciones) 
VALUES (15, '2024-03-27', 'Enchufes que no funcionan en la cocina', 'pendiente', NULL, NULL, 'Algunos enchufes en la cocina no están proporcionando energía y necesitan ser revisados.');
INSERT INTO Solicitud_incidente (id_cliente, fecha_solicitud, incidente, estado, fecha_aprobacion, fecha_rechazo, observaciones) 
VALUES (16, '2024-03-27', 'Puerta del armario se atora al cerrar', 'pendiente', NULL, NULL, 'La puerta del armario se está atascando al cerrar y necesita ser ajustada.');
INSERT INTO Solicitud_incidente (id_cliente, fecha_solicitud, incidente, estado, fecha_aprobacion, fecha_rechazo, observaciones) 
VALUES (17, '2024-03-28', 'Interruptor de luz defectuoso en el baño', 'pendiente', NULL, NULL, 'El interruptor de luz en el baño está defectuoso y necesita ser reemplazado.');
INSERT INTO Solicitud_incidente (id_cliente, fecha_solicitud, incidente, estado, fecha_aprobacion, fecha_rechazo, observaciones) 
VALUES (18, '2024-03-29', 'Grietas en el techo del dormitorio principal', 'aprobada', '2024-03-30', NULL, 'Se han observado grietas en el techo del dormitorio principal que necesitan ser reparadas.');
INSERT INTO Solicitud_incidente (id_cliente, fecha_solicitud, incidente, estado, fecha_aprobacion, fecha_rechazo, observaciones) 
VALUES (19, '2024-03-30', 'Manchas de humedad en la pared del comedor', 'rechazada', NULL, '2024-03-31', 'Se determinó que las manchas de humedad en la pared del comedor son resultado de una filtración externa.');
INSERT INTO Solicitud_incidente (id_cliente, fecha_solicitud, incidente, estado, fecha_aprobacion, fecha_rechazo, observaciones) 
VALUES (20, '2024-04-02', 'Goteras en el techo del baño principal', 'pendiente', NULL, NULL, 'Se observan goteras en el techo del baño principal cuando llueve intensamente.');
INSERT INTO Solicitud_incidente (id_cliente, fecha_solicitud, incidente, estado, fecha_aprobacion, fecha_rechazo, observaciones) 
VALUES (21, '2024-04-04', 'Grietas en el revestimiento de la fachada del edificio', 'aprobada', '2024-04-05', NULL, 'Se requiere corrección de las grietas detectadas en el revestimiento de la fachada del edificio.');
INSERT INTO Solicitud_incidente (id_cliente, fecha_solicitud, incidente, estado, fecha_aprobacion, fecha_rechazo, observaciones) 
VALUES (22, '2024-04-07', 'Interruptores de luz que parpadean en el garaje', 'pendiente', NULL, NULL, 'Varios interruptores de luz en el garaje están parpadeando intermitentemente y necesitan ser revisados.');
INSERT INTO Solicitud_incidente (id_cliente, fecha_solicitud, incidente, estado, fecha_aprobacion, fecha_rechazo, observaciones) 
VALUES (23, '2024-04-07', 'Baldosas sueltas en el suelo del pasillo', 'aprobada', '2024-04-08', NULL, 'Algunas baldosas del suelo del pasillo están sueltas y representan un riesgo de tropiezo.');
INSERT INTO Solicitud_incidente (id_cliente, fecha_solicitud, incidente, estado, fecha_aprobacion, fecha_rechazo, observaciones) 
VALUES (24, '2024-04-08', 'Grietas en la pared exterior del patio trasero', 'pendiente', NULL, NULL, 'Se han detectado grietas en la pared exterior del patio trasero que necesitan ser reparadas antes de que empeoren.');
INSERT INTO Solicitud_incidente (id_cliente, fecha_solicitud, incidente, estado, fecha_aprobacion, fecha_rechazo, observaciones) 
VALUES (25, '2024-04-09', 'Desgaste en la pintura de la puerta de entrada', 'pendiente', NULL, NULL, 'La pintura de la puerta de entrada está desgastada y necesita ser repintada.');
INSERT INTO Solicitud_incidente (id_cliente, fecha_solicitud, incidente, estado, fecha_aprobacion, fecha_rechazo, observaciones) 
VALUES (26, '2024-04-09', 'Tomas de corriente que no funcionan en el dormitorio principal', 'pendiente', NULL, NULL, 'Varias tomas de corriente en el dormitorio principal no están proporcionando energía.');
INSERT INTO Solicitud_incidente (id_cliente, fecha_solicitud, incidente, estado, fecha_aprobacion, fecha_rechazo, observaciones) 
VALUES (27, '2024-04-10', 'Cerradura de la ventana del dormitorio secundario no cierra correctamente', 'pendiente', NULL, NULL, 'La cerradura de la ventana del dormitorio secundario no cierra correctamente y necesita ser ajustada.');
INSERT INTO Solicitud_incidente (id_cliente, fecha_solicitud, incidente, estado, fecha_aprobacion, fecha_rechazo, observaciones) 
VALUES (28, '2024-04-11', 'Luces intermitentes en el baño de visitas', 'pendiente', NULL, NULL, 'Las luces en el baño de visitas están parpadeando intermitentemente y necesitan ser revisadas.');
INSERT INTO Solicitud_incidente (id_cliente, fecha_solicitud, incidente, estado, fecha_aprobacion, fecha_rechazo, observaciones) 
VALUES (29, '2024-04-11', 'Grietas en la acera del estacionamiento', 'pendiente', NULL, NULL, 'Se han formado grietas en la acera del estacionamiento.');
INSERT INTO Solicitud_incidente (id_cliente, fecha_solicitud, incidente, estado, fecha_aprobacion, fecha_rechazo, observaciones) 
VALUES (30, '2024-04-12', 'Filtración en el techo del baño secundario', 'pendiente', '2024-04-13', NULL, 'Se ha detectado una filtración en el techo del baño secundario.');
INSERT INTO Solicitud_incidente (id_cliente, fecha_solicitud, incidente, estado, fecha_aprobacion, fecha_rechazo, observaciones) 
VALUES (31, '2024-04-12', 'Interruptores de luz que se sobrecalientan en la cocina', 'pendiente', NULL, NULL, 'Los interruptores de luz en la cocina se sobrecalientan durante el uso y necesitan ser revisados.');
INSERT INTO Solicitud_incidente (id_cliente, fecha_solicitud, incidente, estado, fecha_aprobacion, fecha_rechazo, observaciones) 
VALUES (32, '2024-05-13', 'Grietas en el suelo del garaje', 'pendiente', NULL, NULL, 'Se han formado grietas en el suelo del garaje que necesitan ser reparadas.');
INSERT INTO Solicitud_incidente (id_cliente, fecha_solicitud, incidente, estado, fecha_aprobacion, fecha_rechazo, observaciones) 
VALUES (33, '2024-04-13', 'El tubo del lavadero de la cocina se ha roto', 'pendiente', NULL, NULL, 'El tubo del lavadero de la cocina se ha roto, necesitan ser reparados.');
INSERT INTO Solicitud_incidente (id_cliente, fecha_solicitud, incidente, estado, fecha_aprobacion, fecha_rechazo, observaciones) 
VALUES (34, '2024-04-13', 'Cerradura de la puerta de un cuarto está rota', 'pendiente', NULL, NULL, 'La cerradura de la puerta de un cuarto está desatornillada y no funciona, necesitan ser revisado y reparado.');
INSERT INTO Solicitud_incidente (id_cliente, fecha_solicitud, incidente, estado, fecha_aprobacion, fecha_rechazo, observaciones) 
VALUES (35, '2024-04-13', 'Desprendimiento de pintura del techo', 'pendiente', NULL, NULL, 'Se ha desprendido la pintura del techo del baño y necesita ser repintado.');
INSERT INTO Solicitud_incidente (id_cliente, fecha_solicitud, incidente, estado, fecha_aprobacion, fecha_rechazo, observaciones) 
VALUES (36, '2024-04-13', 'Tomacorrientes sueltan chispas al enchufar', 'pendiente', NULL, NULL, 'Los tomacorrientes sueltan chispas al enchufar y necesitan ser revisados.');

/*Insumos*/
-- Materiales de Construccion
INSERT INTO Insumos (nombre, descripcion, cantidad_stock, unidad_medida, precio_unitario, id_proveedor, fecha_ingreso, fecha_vencimiento, ubicacion_almacen, observaciones) 
VALUES ('Cemento', 'Material utilizado para la construcción, formando el hormigón o concreto.', 3945, 'kg', 30.90, 1, '2010-02-22', '2017-04-18', 'Almacen A', 'Ninguna');
INSERT INTO Insumos (nombre, descripcion, cantidad_stock, unidad_medida, precio_unitario, id_proveedor, fecha_ingreso, fecha_vencimiento, ubicacion_almacen, observaciones) 
VALUES ('Arena', 'Material granulado utilizado en construcción.', 100, 'toneladas', 50, 1, '2024-04-14', '2025-04-14', 'Almacen A', 'Ninguna');
INSERT INTO Insumos (nombre, descripcion, cantidad_stock, unidad_medida, precio_unitario, id_proveedor, fecha_ingreso, fecha_vencimiento, ubicacion_almacen, observaciones) 
VALUES ('Grava', 'Piedras pequeñas utilizadas en mezclas de concreto.', 200, 'toneladas', 70, 1, '2024-04-14', '2025-04-14', 'Almacen A', 'Ninguna');
INSERT INTO Insumos (nombre, descripcion, cantidad_stock, unidad_medida, precio_unitario, id_proveedor, fecha_ingreso, fecha_vencimiento, ubicacion_almacen, observaciones) 
VALUES ('Ladrillos', 'Bloques de arcilla cocida utilizados en construcción.', 5000, 'unidades', 2, 8, '2024-04-14', null, 'Almacen A', 'Ninguna');
INSERT INTO Insumos (nombre, descripcion, cantidad_stock, unidad_medida, precio_unitario, id_proveedor, fecha_ingreso, fecha_vencimiento, ubicacion_almacen, observaciones) 
VALUES ('Bloques de hormigón', 'Bloques prefabricados de hormigón utilizados en la construcción para formar paredes y estructuras.', 5000, 'unidades', 12.50, 7, '2024-04-14', null, 'Almacen A', 'Ninguna');
INSERT INTO Insumos (nombre, descripcion, cantidad_stock, unidad_medida, precio_unitario, id_proveedor, fecha_ingreso, fecha_vencimiento, ubicacion_almacen, observaciones) 
VALUES ('Hierro (varillas corrugadas)', 'Varillas de hierro con corrugaciones utilizadas como refuerzo en estructuras de hormigón armado.', 10000, 'kilogramos', 2.75, 7, '2024-04-14', null, 'Almacen A', 'Ninguna');
INSERT INTO Insumos (nombre, descripcion, cantidad_stock, unidad_medida, precio_unitario, id_proveedor, fecha_ingreso, fecha_vencimiento, ubicacion_almacen, observaciones) 
VALUES ('Vigas y columnas de acero', 'Elementos estructurales de acero utilizados para soportar cargas verticales y horizontales en construcciones.', 200, 'piezas', 150, 7, '2024-04-14', null, 'Almacen A', 'Ninguna');
INSERT INTO Insumos (nombre, descripcion, cantidad_stock, unidad_medida, precio_unitario, id_proveedor, fecha_ingreso, fecha_vencimiento, ubicacion_almacen, observaciones) 
VALUES ('Baldosas y azulejos', 'Revestimientos cerámicos utilizados en pisos y paredes para protección y decoración en construcciones.', 3000, 'metros cuadrados', 30.50, 8, '2024-04-14', null, 'Almacen A', 'Ninguna');
INSERT INTO Insumos (nombre, descripcion, cantidad_stock, unidad_medida, precio_unitario, id_proveedor, fecha_ingreso, fecha_vencimiento, ubicacion_almacen, observaciones) 
VALUES ('Niveladores', 'Niveladores utilizados para corregir el desnivel de suelos ceramicos.', 10, 'metros cuadrados', 30.50, 8, '2024-04-14', null, 'Almacen A', 'Ninguna');
INSERT INTO Insumos (nombre, descripcion, cantidad_stock, unidad_medida, precio_unitario, id_proveedor, fecha_ingreso, fecha_vencimiento, ubicacion_almacen, observaciones) 
VALUES ('Yeso', 'Material de construcción utilizado para revestir paredes y techos, proporcionando una superficie lisa y uniforme.', 800, 'kilogramos', 5.20, 8, '2024-04-14', null, 'Almacen A', 'Ninguna');
INSERT INTO Insumos (nombre, descripcion, cantidad_stock, unidad_medida, precio_unitario, id_proveedor, fecha_ingreso, fecha_vencimiento, ubicacion_almacen, observaciones) 
VALUES ('Tableros de yeso', 'Paneles prefabricados de yeso y fibra utilizados para construir paredes interiores y falsos techos de manera rápida y económica.', 1500, 'metros cuadrados', 18.90, 8, '2024-04-14', null, 'Almacen A', 'Ninguna');
INSERT INTO Insumos (nombre, descripcion, cantidad_stock, unidad_medida, precio_unitario, id_proveedor, fecha_ingreso, fecha_vencimiento, ubicacion_almacen, observaciones) 
VALUES ('Madera para encofrados y estructuras', 'Material estructural utilizado en la construcción de encofrados, cimbras y estructuras de soporte.', 500, 'metros cúbicos', 150, 11, '2024-04-14', null, 'Almacen A', 'Ninguna');
INSERT INTO Insumos (nombre, descripcion, cantidad_stock, unidad_medida, precio_unitario, id_proveedor, fecha_ingreso, fecha_vencimiento, ubicacion_almacen, observaciones) 
VALUES ('Aislantes térmicos y acústicos', 'Materiales utilizados para aislar térmica y acústicamente los edificios.', 200, 'metros cuadrados', 35.80, 7, '2024-04-14', null, 'Almacen A', 'Ninguna');
INSERT INTO Insumos (nombre, descripcion, cantidad_stock, unidad_medida, precio_unitario, id_proveedor, fecha_ingreso, fecha_vencimiento, ubicacion_almacen, observaciones) 
VALUES ('Impermeabilizantes', 'Productos utilizados para proteger superficies contra la penetración de agua y humedad, evitando filtraciones y daños estructurales.', 100, 'litros', 45.25, 11, '2024-04-14', null, 'Almacen A', 'Ninguna');
INSERT INTO Insumos (nombre, descripcion, cantidad_stock, unidad_medida, precio_unitario, id_proveedor, fecha_ingreso, fecha_vencimiento, ubicacion_almacen, observaciones) 
VALUES ('Adhesivos y selladores', 'Productos utilizados para unir materiales y sellar juntas y fisuras en construcciones, proporcionando resistencia y durabilidad.', 300, 'litros', 20.75, 11, '2024-04-14', '2026-05-10', 'Almacen A', 'Ninguna');

-- Equipamiento y mobiliario
INSERT INTO Insumos (nombre, descripcion, cantidad_stock, unidad_medida, precio_unitario, id_proveedor, fecha_ingreso, fecha_vencimiento, ubicacion_almacen, observaciones) 
VALUES ('Cerraduras', 'Cerraduras para puertas y ventanas.', 30, 'unidades', 33.90, 9, '2024-04-14', NULL, 'Almacén C', 'Ninguna');
INSERT INTO Insumos (nombre, descripcion, cantidad_stock, unidad_medida, precio_unitario, id_proveedor, fecha_ingreso, fecha_vencimiento, ubicacion_almacen, observaciones) 
VALUES ('Escritorios', 'Muebles diseñados para trabajar o estudiar, generalmente con superficie plana y espacio para almacenamiento.', 50, 'unidades', 250, 2, '2024-04-14', NULL, 'Almacén B', 'Ninguna');
INSERT INTO Insumos (nombre, descripcion, cantidad_stock, unidad_medida, precio_unitario, id_proveedor, fecha_ingreso, fecha_vencimiento, ubicacion_almacen, observaciones) 
VALUES  ('Sillas', 'Asientos diseñados para una sola persona, con respaldo y generalmente con patas para soportar el peso.', 100, 'unidades', 50, 2, '2024-04-14', NULL, 'Almacén B', 'Ninguna');
INSERT INTO Insumos (nombre, descripcion, cantidad_stock, unidad_medida, precio_unitario, id_proveedor, fecha_ingreso, fecha_vencimiento, ubicacion_almacen, observaciones) 
VALUES ('Archivadores', 'Muebles diseñados para organizar y almacenar documentos, generalmente con cajones o estantes.', 30, 'unidades', 150, 2, '2024-04-14', NULL, 'Almacén B', 'Ninguna');
INSERT INTO Insumos (nombre, descripcion, cantidad_stock, unidad_medida, precio_unitario, id_proveedor, fecha_ingreso, fecha_vencimiento, ubicacion_almacen, observaciones) 
VALUES ('Estanterías', 'Muebles con estantes horizontales o verticales utilizados para almacenar objetos o documentos.', 40, 'unidades', 80, 2, '2024-04-14', NULL, 'Almacén B', 'Ninguna');
INSERT INTO Insumos (nombre, descripcion, cantidad_stock, unidad_medida, precio_unitario, id_proveedor, fecha_ingreso, fecha_vencimiento, ubicacion_almacen, observaciones) 
VALUES ('Mesas de conferencia', 'Mesas grandes utilizadas en salas de reuniones o conferencias para reuniones de grupo.', 10, 'unidades', 300, 2, '2024-04-14', NULL, 'Almacén B', 'Ninguna');
INSERT INTO Insumos (nombre, descripcion, cantidad_stock, unidad_medida, precio_unitario, id_proveedor, fecha_ingreso, fecha_vencimiento, ubicacion_almacen, observaciones) 
VALUES ('Armarios y gabinetes', 'Muebles utilizados para almacenar objetos, ropa u otros elementos, generalmente con puertas o cajones.', 20, 'unidades', 200, 9, '2024-04-14', NULL, 'Almacén B', 'Ninguna');
INSERT INTO Insumos (nombre, descripcion, cantidad_stock, unidad_medida, precio_unitario, id_proveedor, fecha_ingreso, fecha_vencimiento, ubicacion_almacen, observaciones) 
VALUES ('Sofás y sillones', 'Asientos acolchados diseñados para una o más personas, comúnmente utilizados en salas de estar o recepciones.', 15, 'unidades', 400, 9, '2024-04-14', NULL, 'Almacén B', 'Ninguna');
INSERT INTO Insumos (nombre, descripcion, cantidad_stock, unidad_medida, precio_unitario, id_proveedor, fecha_ingreso, fecha_vencimiento, ubicacion_almacen, observaciones) 
VALUES ('Mesas de trabajo', 'Mesas diseñadas para realizar tareas laborales o actividades específicas, generalmente con superficie amplia.', 25, 'unidades', 150, 9, '2024-04-14', NULL, 'Almacén B', 'Ninguna');
INSERT INTO Insumos (nombre, descripcion, cantidad_stock, unidad_medida, precio_unitario, id_proveedor, fecha_ingreso, fecha_vencimiento, ubicacion_almacen, observaciones) 
VALUES ('Mamparas y paneles divisores', 'Paneles utilizados para dividir espacios en áreas separadas, proporcionando privacidad y delimitación.', 10, 'unidades', 100, 9, '2024-04-14', NULL, 'Almacén B', 'Ninguna');
INSERT INTO Insumos (nombre, descripcion, cantidad_stock, unidad_medida, precio_unitario, id_proveedor, fecha_ingreso, fecha_vencimiento, ubicacion_almacen, observaciones) 
VALUES ('Lámparas y luminarias', 'Dispositivos de iluminación utilizados para proporcionar luz artificial en espacios interiores.', 50, 'unidades', 10, 9, '2024-04-14', NULL, 'Almacén B', 'Ninguna');
INSERT INTO Insumos (nombre, descripcion, cantidad_stock, unidad_medida, precio_unitario, id_proveedor, fecha_ingreso, fecha_vencimiento, ubicacion_almacen, observaciones) 
VALUES ('Equipos de aire acondicionado', 'Dispositivos utilizados para regular la temperatura y la humedad del aire en interiores.', 10, 'unidades', 20, 9, '2024-04-14', NULL, 'Almacén B', 'Ninguna');

-- Mantenimiento y limpieza
INSERT INTO Insumos (nombre, descripcion, cantidad_stock, unidad_medida, precio_unitario, id_proveedor, fecha_ingreso, fecha_vencimiento, ubicacion_almacen, observaciones) 
VALUES ('Detergentes', 'Productos químicos utilizados para limpiar superficies eliminando suciedad y manchas.', 50, 'litros', 15.50, 3, '2024-04-14', NULL, 'Almacén C', 'Ninguna');
INSERT INTO Insumos (nombre, descripcion, cantidad_stock, unidad_medida, precio_unitario, id_proveedor, fecha_ingreso, fecha_vencimiento, ubicacion_almacen, observaciones) 
VALUES ('Desinfectantes', 'Productos químicos diseñados para eliminar gérmenes y bacterias de superficies, reduciendo la propagación de enfermedades.', 30, 'litros', 20.75, 3, '2024-04-14', NULL, 'Almacén C', 'Ninguna');
INSERT INTO Insumos (nombre, descripcion, cantidad_stock, unidad_medida, precio_unitario, id_proveedor, fecha_ingreso, fecha_vencimiento, ubicacion_almacen, observaciones) 
VALUES ('Desengrasantes', 'Productos químicos formulados para eliminar grasas y aceites de superficies.', 40, 'litros', 18.90, 3, '2024-04-14', NULL, 'Almacén C', 'Ninguna');
INSERT INTO Insumos (nombre, descripcion, cantidad_stock, unidad_medida, precio_unitario, id_proveedor, fecha_ingreso, fecha_vencimiento, ubicacion_almacen, observaciones) 
VALUES ('Escobas', 'Utensilios con cerdas utilizados para barrer y limpiar suelos y superficies.', 100, 'unidades', 5.99, 3, '2024-04-14', NULL, 'Almacén C', 'Ninguna');
INSERT INTO Insumos (nombre, descripcion, cantidad_stock, unidad_medida, precio_unitario, id_proveedor, fecha_ingreso, fecha_vencimiento, ubicacion_almacen, observaciones) 
VALUES ('Trapeadores', 'Utensilios utilizados para limpiar suelos y superficies con agua y detergente.', 80, 'unidades', 7.50, 3, '2024-04-14', NULL, 'Almacén C', 'Ninguna');
INSERT INTO Insumos (nombre, descripcion, cantidad_stock, unidad_medida, precio_unitario, id_proveedor, fecha_ingreso, fecha_vencimiento, ubicacion_almacen, observaciones) 
VALUES ('Mopas', 'Utensilios similares a trapeadores utilizados para limpiar suelos, generalmente con cabezas intercambiables.', 70, 'unidades', 6.75, 3, '2024-04-14', NULL, 'Almacén C', 'Ninguna');
INSERT INTO Insumos (nombre, descripcion, cantidad_stock, unidad_medida, precio_unitario, id_proveedor, fecha_ingreso, fecha_vencimiento, ubicacion_almacen, observaciones) 
VALUES ('Cubetas', 'Recipientes utilizados para transportar agua o mezclas de limpieza durante las tareas de limpieza.', 50, 'unidades', 4.25, 3, '2024-04-14', NULL, 'Almacén C', 'Ninguna');
INSERT INTO Insumos (nombre, descripcion, cantidad_stock, unidad_medida, precio_unitario, id_proveedor, fecha_ingreso, fecha_vencimiento, ubicacion_almacen, observaciones) 
VALUES ('Esponjas', 'Utensilios porosos utilizados para limpiar superficies con detergente o para aplicar productos de limpieza.', 120, 'unidades', 2.99, 3, '2024-04-14', NULL, 'Almacén C', 'Ninguna');
INSERT INTO Insumos (nombre, descripcion, cantidad_stock, unidad_medida, precio_unitario, id_proveedor, fecha_ingreso, fecha_vencimiento, ubicacion_almacen, observaciones) 
VALUES ('Aspiradoras', 'Dispositivos utilizados para succionar polvo y suciedad de suelos y superficies.', 20, 'unidades', 150.99, 3, '2024-04-14', NULL, 'Almacén C', 'Ninguna');
INSERT INTO Insumos (nombre, descripcion, cantidad_stock, unidad_medida, precio_unitario, id_proveedor, fecha_ingreso, fecha_vencimiento, ubicacion_almacen, observaciones) 
VALUES ('Fregonas industriales', 'Utensilios de limpieza utilizados para fregar grandes áreas de suelos con eficiencia.', 10, 'unidades', 250.50, 3, '2024-04-14', NULL, 'Almacén C', 'Ninguna');
INSERT INTO Insumos (nombre, descripcion, cantidad_stock, unidad_medida, precio_unitario, id_proveedor, fecha_ingreso, fecha_vencimiento, ubicacion_almacen, observaciones) 
VALUES ('Máquinas de vapor', 'Equipos que utilizan vapor de agua para limpiar y desinfectar superficies, eliminando suciedad y gérmenes.', 5, 'unidades', 80.25, 3, '2024-04-14', NULL, 'Almacén C', 'Ninguna');
INSERT INTO Insumos (nombre, descripcion, cantidad_stock, unidad_medida, precio_unitario, id_proveedor, fecha_ingreso, fecha_vencimiento, ubicacion_almacen, observaciones) 
VALUES ('Aceites lubricantes', 'Líquidos utilizados para reducir la fricción y el desgaste entre piezas móviles de maquinaria.', 50, 'litros', 10.25, 3, '2024-04-14', NULL, 'Almacén C', 'Ninguna');
INSERT INTO Insumos (nombre, descripcion, cantidad_stock, unidad_medida, precio_unitario, id_proveedor, fecha_ingreso, fecha_vencimiento, ubicacion_almacen, observaciones) 
VALUES ('Grasas', 'Sustancias semisólidas utilizadas para lubricar y proteger superficies metálicas contra la corrosión y el desgaste.', 30, 'kilogramos', 8.75, 3, '2024-04-14', NULL, 'Almacén C', 'Ninguna');
INSERT INTO Insumos (nombre, descripcion, cantidad_stock, unidad_medida, precio_unitario, id_proveedor, fecha_ingreso, fecha_vencimiento, ubicacion_almacen, observaciones) 
VALUES ('Selladores', 'Productos utilizados para sellar juntas y fisuras, protegiendo superficies contra de agua y otros elementos.', 40, 'litros', 15.99, 3, '2024-04-14', NULL, 'Almacén C', 'Ninguna');
INSERT INTO Insumos (nombre, descripcion, cantidad_stock, unidad_medida, precio_unitario, id_proveedor, fecha_ingreso, fecha_vencimiento, ubicacion_almacen, observaciones) 
VALUES ('Llaves', 'Herramientas utilizadas para apretar o aflojar tuercas y tornillos.', 100, 'unidades', 3.50, 3, '2024-04-14', NULL, 'Almacén C', 'Ninguna');
INSERT INTO Insumos (nombre, descripcion, cantidad_stock, unidad_medida, precio_unitario, id_proveedor, fecha_ingreso, fecha_vencimiento, ubicacion_almacen, observaciones) 
VALUES ('Destornilladores', 'Herramientas manuales utilizadas para apretar o aflojar tornillos.', 80, 'unidades', 4.25, 3, '2024-04-14', NULL, 'Almacén C', 'Ninguna');
INSERT INTO Insumos (nombre, descripcion, cantidad_stock, unidad_medida, precio_unitario, id_proveedor, fecha_ingreso, fecha_vencimiento, ubicacion_almacen, observaciones) 
VALUES ('Martillos', 'Herramientas manuales utilizadas para golpear y clavar objetos.', 36, 'unidades', 6.99, 3, '2024-04-14', NULL, 'Almacén C', 'Ninguna');

-- Equipamiento de seguridad
INSERT INTO Insumos (nombre, descripcion, cantidad_stock, unidad_medida, precio_unitario, id_proveedor, fecha_ingreso, fecha_vencimiento, ubicacion_almacen, observaciones) 
VALUES ('Cascos de seguridad', 'Equipos de protección diseñados para proteger la cabeza de impactos y objetos caídos.', 50, 'unidades', 25.99, 4, '2024-04-14', NULL, 'Almacén D', 'Ninguna');
INSERT INTO Insumos (nombre, descripcion, cantidad_stock, unidad_medida, precio_unitario, id_proveedor, fecha_ingreso, fecha_vencimiento, ubicacion_almacen, observaciones) 
VALUES ('Gafas de protección', 'Dispositivos diseñados para proteger los ojos de partículas, líquidos y radiaciones.', 80, 'unidades', 15.50, 4, '2024-04-14', NULL, 'Almacén D', 'Ninguna');
INSERT INTO Insumos (nombre, descripcion, cantidad_stock, unidad_medida, precio_unitario, id_proveedor, fecha_ingreso, fecha_vencimiento, ubicacion_almacen, observaciones) 
VALUES ('Guantes de trabajo', 'Equipos de protección para las manos utilizados para proteger contra cortes, abrasiones y químicos.', 100, 'pares', 8.99, 4, '2024-04-14', NULL, 'Almacén D', 'Ninguna');
INSERT INTO Insumos (nombre, descripcion, cantidad_stock, unidad_medida, precio_unitario, id_proveedor, fecha_ingreso, fecha_vencimiento, ubicacion_almacen, observaciones) 
VALUES ('Calzado de seguridad', 'Zapatos diseñados para proteger los pies de impactos, caídas de objetos y riesgos eléctricos.', 60, 'pares', 35.75, 4, '2024-04-14', NULL, 'Almacén D', 'Ninguna');
INSERT INTO Insumos (nombre, descripcion, cantidad_stock, unidad_medida, precio_unitario, id_proveedor, fecha_ingreso, fecha_vencimiento, ubicacion_almacen, observaciones) 
VALUES ('Chalecos reflectantes', 'Prendas de vestir con material reflectante utilizadas para aumentar la visibilidad en condiciones de poca luz.', 40, 'unidades', 12.25, 4, '2024-04-14', NULL, 'Almacén D', 'Ninguna');
INSERT INTO Insumos (nombre, descripcion, cantidad_stock, unidad_medida, precio_unitario, id_proveedor, fecha_ingreso, fecha_vencimiento, ubicacion_almacen, observaciones) 
VALUES ('Arnés de seguridad', 'Dispositivos de sujeción utilizados para proteger contra caídas desde altura.', 20, 'unidades', 45.99, 4, '2024-04-14', NULL, 'Almacén 6', 'Ninguna');
INSERT INTO Insumos (nombre, descripcion, cantidad_stock, unidad_medida, precio_unitario, id_proveedor, fecha_ingreso, fecha_vencimiento, ubicacion_almacen, observaciones) 
VALUES ('Dispositivos de protección respiratoria', 'Equipos diseñados para proteger las vías respiratorias contra partículas, gases y vapores.', 30, 'unidades', 28.50, 4, '2024-04-14', NULL, 'Almacén D', 'Ninguna');
INSERT INTO Insumos (nombre, descripcion, cantidad_stock, unidad_medida, precio_unitario, id_proveedor, fecha_ingreso, fecha_vencimiento, ubicacion_almacen, observaciones) 
VALUES ('Señalización de seguridad', 'Elementos utilizados para indicar riesgos, prohibiciones, indicaciones y emergencias en el lugar de trabajo.', 12, 'unidades', 10.99, 4, '2024-04-14', NULL, 'Almacén D', 'Ninguna');
INSERT INTO Insumos (nombre, descripcion, cantidad_stock, unidad_medida, precio_unitario, id_proveedor, fecha_ingreso, fecha_vencimiento, ubicacion_almacen, observaciones) 
VALUES ('Sistemas de detección de incendios', 'Dispositivos utilizados para detectar la presencia de fuego, humo o gases en un edificio.', 9, 'unidades', 350.75, 4, '2024-04-14', NULL, 'Almacén D', 'Ninguna');
INSERT INTO Insumos (nombre, descripcion, cantidad_stock, unidad_medida, precio_unitario, id_proveedor, fecha_ingreso, fecha_vencimiento, ubicacion_almacen, observaciones) 
VALUES ('Cajas de primeros auxilios', 'Contenedores que contienen suministros y equipos médicos básicos para brindar atención inicial en caso de lesiones o emergencias.', 10, 'unidades', 75.25, 4, '2024-04-14', NULL, 'Almacén D', 'Ninguna');

-- Fontanería
INSERT INTO Insumos (nombre, descripcion, cantidad_stock, unidad_medida, precio_unitario, id_proveedor, fecha_ingreso, fecha_vencimiento, ubicacion_almacen, observaciones) 
VALUES ('Tuberías de PVC', 'Tuberías fabricadas con policloruro de vinilo, utilizadas para transportar agua potable y otros líquidos.', 100, 'metros', 3.99, 5, '2024-04-14', NULL, 'Almacén E', 'Ninguna');
INSERT INTO Insumos (nombre, descripcion, cantidad_stock, unidad_medida, precio_unitario, id_proveedor, fecha_ingreso, fecha_vencimiento, ubicacion_almacen, observaciones) 
VALUES ('Tuberías de cobre', 'Tuberías fabricadas con cobre, conocidas por su durabilidad y resistencia a la corrosión.', 80, 'metros', 8.50, 5, '2024-04-14', NULL, 'Almacén E', 'Ninguna');
INSERT INTO Insumos (nombre, descripcion, cantidad_stock, unidad_medida, precio_unitario, id_proveedor, fecha_ingreso, fecha_vencimiento, ubicacion_almacen, observaciones) 
VALUES ('Tuberías de hierro galvanizado', 'Tuberías de hierro recubiertas con una capa de zinc para proteger contra la corrosión.', 60, 'metros', 12.75, 5, '2024-04-14', NULL, 'Almacén E', 'Ninguna');
INSERT INTO Insumos (nombre, descripcion, cantidad_stock, unidad_medida, precio_unitario, id_proveedor, fecha_ingreso, fecha_vencimiento, ubicacion_almacen, observaciones) 
VALUES ('Conexiones y accesorios', 'Piezas utilizadas para unir y conectar tuberías, incluyendo codos, uniones, llaves de paso, etc.', 120, 'unidades', 2.25, 5, '2024-04-14', NULL, 'Almacén E', 'Ninguna');
INSERT INTO Insumos (nombre, descripcion, cantidad_stock, unidad_medida, precio_unitario, id_proveedor, fecha_ingreso, fecha_vencimiento, ubicacion_almacen, observaciones) 
VALUES ('Grifos y válvulas', 'Dispositivos utilizados para controlar el flujo de agua en tuberías.', 50, 'unidades', 15.99, 5, '2024-04-14', NULL, 'Almacén E', 'Ninguna');
INSERT INTO Insumos (nombre, descripcion, cantidad_stock, unidad_medida, precio_unitario, id_proveedor, fecha_ingreso, fecha_vencimiento, ubicacion_almacen, observaciones) 
VALUES ('Sanitarios', 'Equipos de baño que incluyen lavabos, inodoros, bidés, etc., utilizados para el manejo de aguas residuales.', 30, 'unidades', 150.75, 5, '2024-04-14', NULL, 'Almacén E', 'Ninguna');
INSERT INTO Insumos (nombre, descripcion, cantidad_stock, unidad_medida, precio_unitario, id_proveedor, fecha_ingreso, fecha_vencimiento, ubicacion_almacen, observaciones) 
VALUES ('Duchas y bañeras', 'Instalaciones de baño que incluyen sistemas de ducha y bañeras para el baño y la higiene trabajador.', 20, 'unidades', 300.50, 5, '2024-04-14', NULL, 'Almacén E', 'Ninguna');
INSERT INTO Insumos (nombre, descripcion, cantidad_stock, unidad_medida, precio_unitario, id_proveedor, fecha_ingreso, fecha_vencimiento, ubicacion_almacen, observaciones) 
VALUES ('Herramientas de fontanería', 'Herramientas utilizadas por fontaneros para instalar, reparar y mantener sistemas de fontanería.', 40, 'unidades', 20.99, 5, '2024-04-14', NULL, 'Almacén E', 'Ninguna');
INSERT INTO Insumos (nombre, descripcion, cantidad_stock, unidad_medida, precio_unitario, id_proveedor, fecha_ingreso, fecha_vencimiento, ubicacion_almacen, observaciones) 
VALUES ('Llaves de tubo', 'Herramienta utilizada para instalar, reparar y mantener sistemas de fontanería.', 15, 'unidades', 20.99, 5, '2024-04-14', NULL, 'Almacén E', 'Ninguna');
INSERT INTO Insumos (nombre, descripcion, cantidad_stock, unidad_medida, precio_unitario, id_proveedor, fecha_ingreso, fecha_vencimiento, ubicacion_almacen, observaciones) 
VALUES ('Cortatubos', 'Herramienta utilizada para instalar, reparar y mantener sistemas de fontanería.', 10, 'unidades', 20.99, 5, '2024-04-14', NULL, 'Almacén E', 'Ninguna');

-- Pinturas y revestimientos
INSERT INTO Insumos (nombre, descripcion, cantidad_stock, unidad_medida, precio_unitario, id_proveedor, fecha_ingreso, fecha_vencimiento, ubicacion_almacen, observaciones) 
VALUES ('Pintura esmalte', 'Pintura de secado rápido y alta resistencia, ideal para superficies metálicas y de madera.', 50, 'litros', 25.99, 6, '2024-04-14', NULL, 'Almacén F', 'Ninguna');
INSERT INTO Insumos (nombre, descripcion, cantidad_stock, unidad_medida, precio_unitario, id_proveedor, fecha_ingreso, fecha_vencimiento, ubicacion_almacen, observaciones) 
VALUES ('Pintura acrílica', 'Pintura a base de agua, de secado rápido y bajo olor, ideal para interiores y exteriores.', 80, 'litros', 18.50, 6, '2024-04-14', NULL, 'Almacén F', 'Ninguna');
INSERT INTO Insumos (nombre, descripcion, cantidad_stock, unidad_medida, precio_unitario, id_proveedor, fecha_ingreso, fecha_vencimiento, ubicacion_almacen, observaciones) 
VALUES ('Pintura látex', 'Pintura a base de látex, lavable y resistente a la humedad, ideal para paredes interiores.', 60, 'litros', 12.75, 6, '2024-04-14', NULL, 'Almacén F', 'Ninguna');
INSERT INTO Insumos (nombre, descripcion, cantidad_stock, unidad_medida, precio_unitario, id_proveedor, fecha_ingreso, fecha_vencimiento, ubicacion_almacen, observaciones) 
VALUES ('Barnices y lacas', 'Productos utilizados para proteger y dar brillo a superficies de madera, metal y otros materiales.', 120, 'litros', 8.25, 6, '2024-04-14', NULL, 'Almacén F', 'Ninguna');
INSERT INTO Insumos (nombre, descripcion, cantidad_stock, unidad_medida, precio_unitario, id_proveedor, fecha_ingreso, fecha_vencimiento, ubicacion_almacen, observaciones) 
VALUES ('Imprimaciones', 'Productos aplicados antes de la pintura para mejorar la adherencia y el acabado de la superficie.', 50, 'litros', 15.99, 6, '2024-04-14', NULL, 'Almacén F', 'Ninguna');
INSERT INTO Insumos (nombre, descripcion, cantidad_stock, unidad_medida, precio_unitario, id_proveedor, fecha_ingreso, fecha_vencimiento, ubicacion_almacen, observaciones) 
VALUES ('Selladores y masillas', 'Productos utilizados para sellar juntas y grietas, proporcionando una superficie lisa y uniforme.', 30, 'litros', 10.50, 6, '2024-04-14', NULL, 'Almacén F', 'Ninguna');
INSERT INTO Insumos (nombre, descripcion, cantidad_stock, unidad_medida, precio_unitario, id_proveedor, fecha_ingreso, fecha_vencimiento, ubicacion_almacen, observaciones) 
VALUES ('Rodillos y brochas', 'Herramientas utilizadas para aplicar pintura de manera uniforme sobre superficies.', 20, 'juegos', 25.99, 10, '2024-04-14', NULL, 'Almacén F', 'Ninguna');
INSERT INTO Insumos (nombre, descripcion, cantidad_stock, unidad_medida, precio_unitario, id_proveedor, fecha_ingreso, fecha_vencimiento, ubicacion_almacen, observaciones) 
VALUES ('Pistolas y equipos de pulverización', 'Dispositivos utilizados para aplicar pintura de manera rápida y uniforme en grandes superficies.', 15, 'unidades', 150.99, 10, '2024-04-14', NULL, 'Almacén F', 'Ninguna');
INSERT INTO Insumos (nombre, descripcion, cantidad_stock, unidad_medida, precio_unitario, id_proveedor, fecha_ingreso, fecha_vencimiento, ubicacion_almacen, observaciones) 
VALUES ('Cintas de enmascarar', 'Cintas adhesivas utilizadas para proteger áreas específicas durante el proceso de pintura.', 10, 'rollos', 5.25, 10, '2024-04-14', NULL, 'Almacén F', 'Ninguna');
INSERT INTO Insumos (nombre, descripcion, cantidad_stock, unidad_medida, precio_unitario, id_proveedor, fecha_ingreso, fecha_vencimiento, ubicacion_almacen, observaciones) 
VALUES ('Estucos y texturizados', 'Productos utilizados para crear efectos decorativos en paredes y techos, proporcionando textura y relieve.', 20, 'litros', 30.75, 10, '2024-04-14', NULL, 'Almacén F', 'Ninguna');
INSERT INTO Insumos (nombre, descripcion, cantidad_stock, unidad_medida, precio_unitario, id_proveedor, fecha_ingreso, fecha_vencimiento, ubicacion_almacen, observaciones) 
VALUES ('Revestimientos cerámicos', 'Recubrimientos cerámicos utilizados para proteger y decorar superficies, especialmente en baños y cocinas.', 40, 'metros cuadrados', 18.99, 10, '2024-04-14', NULL, 'Almacén F', 'Ninguna');

-- Electricidad
INSERT INTO Insumos (nombre, descripcion, cantidad_stock, unidad_medida, precio_unitario, id_proveedor, fecha_ingreso, fecha_vencimiento, ubicacion_almacen, observaciones) 
VALUES ('Cables eléctricos', 'Clables eléctricos para la reparación de instalaciones eléctricas', 50, 'metros', 25.00, 8, '2024-04-08', NULL, 'Almacén C', 'Ninguna');
INSERT INTO Insumos (nombre, descripcion, cantidad_stock, unidad_medida, precio_unitario, id_proveedor, fecha_ingreso, fecha_vencimiento, ubicacion_almacen, observaciones)
VALUES ('Interruptores de luz', 'Interruptores de luz para la instalación eléctrica.', 40, 'unidades', 15.50, 8, '2024-04-10', NULL, 'Almacén C', 'Ninguna');
INSERT INTO Insumos (nombre, descripcion, cantidad_stock, unidad_medida, precio_unitario, id_proveedor, fecha_ingreso, fecha_vencimiento, ubicacion_almacen, observaciones)
VALUES ('Tubos corrugados', 'Tubos corrugados para protección de cables eléctricos.', 60, 'metros', 10.75, 8, '2024-04-12', NULL, 'Almacén C', 'Ninguna');
INSERT INTO Insumos (nombre, descripcion, cantidad_stock, unidad_medida, precio_unitario, id_proveedor, fecha_ingreso, fecha_vencimiento, ubicacion_almacen, observaciones)
VALUES ('Kit de herramientas eléctricas', 'Incluye alicates, destornilladores, pelacables y otros utensilios necesarios para trabajos eléctricos.', 10, 'kits', 150.00, 8, '2024-04-15', NULL, 'Almacén C', 'Ninguna');
INSERT INTO Insumos (nombre, descripcion, cantidad_stock, unidad_medida, precio_unitario, id_proveedor, fecha_ingreso, fecha_vencimiento, ubicacion_almacen, observaciones) 
VALUES ('Fusibles', 'Fusibles de repuesto para cajas de distribución eléctrica.', 100, 'unidades', 7.50, 8, '2024-04-10', NULL, 'Almacén C', 'Ninguna');
INSERT INTO Insumos (nombre, descripcion, cantidad_stock, unidad_medida, precio_unitario, id_proveedor, fecha_ingreso, fecha_vencimiento, ubicacion_almacen, observaciones) 
VALUES ('Tubos corrugados', 'Tubos corrugados para protección de cables eléctricos en instalaciones empotradas.', 40, 'metros', 12.80, 8, '2024-04-12', NULL, 'Almacén C', 'Ninguna');
INSERT INTO Insumos (nombre, descripcion, cantidad_stock, unidad_medida, precio_unitario, id_proveedor, fecha_ingreso, fecha_vencimiento, ubicacion_almacen, observaciones) 
VALUES ('Cinta aislante', 'Cinta adhesiva aislante para empalmes eléctricos.', 20, 'rollos', 8.95, 8, '2024-04-11', NULL, 'Almacén C', 'Ninguna');
INSERT INTO Insumos (nombre, descripcion, cantidad_stock, unidad_medida, precio_unitario, id_proveedor, fecha_ingreso, fecha_vencimiento, ubicacion_almacen, observaciones) 
VALUES ('Conectores eléctricos', 'Conectores para empalmes y derivaciones eléctricas.', 60, 'unidades', 5.25, 8, '2024-04-13', NULL, 'Almacén C', 'Ninguna');
INSERT INTO Insumos (nombre, descripcion, cantidad_stock, unidad_medida, precio_unitario, id_proveedor, fecha_ingreso, fecha_vencimiento, ubicacion_almacen, observaciones) 
VALUES ('Toma corriente', 'Tomacorrientes para instalaciones eléctricas.', 45, 'unidades', 9.90, 8, '2024-04-02', NULL, 'Almacén C', 'Ninguna');

/*EN ORDEN DE DATOS*/
/*Solicitud de Requerimiento de Insumos*/
INSERT INTO SRI (id_personal, id_soli_incidente, fecha_solicitud, estado, fecha_aprobacion, observaciones) VALUES
(1, 1, '2024-04-01', 'pendiente', '2024-05-01', 'Falta documentación adjunta.');
INSERT INTO SRI (id_personal, id_soli_incidente, fecha_solicitud, estado, fecha_aprobacion, observaciones) VALUES
(2, 2, '2024-04-02', 'aprobada', '2024-04-03', NULL);
INSERT INTO SRI (id_personal, id_soli_incidente, fecha_solicitud, estado, fecha_aprobacion, observaciones) VALUES
(3, 3, '2024-04-03', 'pendiente', '2024-04-05', 'Esperando aprobación del supervisor.'),
(4, 4, '2024-04-04', 'rechazada', '2024-04-09', 'No cumple con los requisitos.');
INSERT INTO SRI (id_personal, id_soli_incidente, fecha_solicitud, estado, fecha_aprobacion, observaciones) VALUES
(5, 5, '2024-04-05', 'pendiente', '2024-04-06', 'Se requiere más información.'),
(6, 6, '2024-04-06', 'pendiente', '2024-04-07', 'En revisión.'),
(7, 7, '2024-04-07', 'aprobada', '2024-04-08', NULL),
(8, 8, '2024-04-08', 'pendiente', NULL, 'Pendiente de revisión del comité.'),
(9, 9, '2024-04-09', 'rechazada', '2024-04-10', 'No es prioritario.'),
(10, 10, '2024-04-10', 'pendiente', '2024-04-12', 'Falta firmas.'),
(11, 11, '2024-04-11', 'pendiente', '2024-04-13', 'Esperando aprobación del gerente.'),
(12, 12, '2024-04-12', 'aprobada', '2024-04-13', NULL),
(13, 13, '2024-04-13', 'pendiente', '2024-04-14', 'Esperando confirmación del cliente.'),
(14, 14, '2024-04-14', 'rechazada', '2024-04-15', 'Fuera de política de empresa.'),
(15, 15, '2024-04-15', 'pendiente', NULL, 'Se requiere investigación adicional.'),
(16, 16, '2024-04-16', 'pendiente', '2024-04-17', 'Falta documentación.'),
(17, 17, '2024-04-17', 'aprobada', '2024-04-18', NULL),
(18, 18, '2024-04-18', 'pendiente', '2024-04-19', 'Esperando aprobación del departamento financiero.'),
(19, 19, '2024-04-19', 'rechazada', NULL, 'No es posible realizar.'),
(20, 20, '2024-04-20', 'pendiente', '2024-04-21', 'En espera de reunión con el cliente.');
INSERT INTO SRI (id_personal, id_soli_incidente, fecha_solicitud, estado, fecha_aprobacion, observaciones) VALUES
(21, 21, '2024-04-21', 'pendiente', NULL, 'En proceso de revisión.'),
(22, 22, '2024-04-22', 'aprobada', '2024-04-23', NULL),
(23, 23, '2024-04-23', 'pendiente', '2024-04-24', 'Esperando respuesta del cliente.'),
(24, 24, '2024-04-24', 'rechazada', '2024-04-25', 'No es viable en el momento.'),
(25, 25, '2024-04-25', 'pendiente', '2024-04-26', 'Se requiere más información del incidente.'),
(26, 26, '2024-04-26', 'pendiente', NULL, 'En revisión por el supervisor.'),
(27, 27, '2024-04-27', 'aprobada', '2024-04-28', NULL),
(28, 28, '2024-04-28', 'pendiente', '2024-04-29', 'Pendiente de aprobación del comité de seguridad.'),
(29, 29, '2024-04-29', 'rechazada', '2024-04-30', 'No cumple con los protocolos de seguridad.'),
(30, 30, '2024-04-30', 'pendiente', '2024-05-01', 'Falta evidencia de análisis de riesgos.'),
(31, 31, '2024-05-01', 'pendiente', '2024-05-02', 'En espera de revisión del equipo técnico.'),
(32, 32, '2024-05-02', 'aprobada', '2024-05-03', NULL),
(33, 33, '2024-05-03', 'pendiente', NULL, 'Esperando confirmación del cliente.'),
(34, 34, '2024-05-04', 'rechazada', '2024-05-05', 'No es posible realizar debido a restricciones de presupuesto.'),
(35, 35, '2024-05-05', 'pendiente', NULL, 'Se necesita realizar una evaluación de impacto.'),
(36, 36, '2024-05-06', 'pendiente', NULL, 'Falta documentación adicional.'),
(37, 4, '2024-05-07', 'aprobada', '2024-05-08', NULL),
(38, 9, '2024-05-08', 'pendiente', '2024-05-09', 'Esperando aprobación del departamento de recursos humanos.'),
(39, 11, '2024-05-09', 'rechazada', '2024-05-10', 'No es posible implementar debido a limitaciones técnicas.'),
(40, 18, '2024-05-10', 'pendiente', '2024-05-11', 'En espera de respuesta del cliente.');

/*DetalleSRI */
INSERT INTO DetalleSRI (id_SRI, id_insumo, cantidad, descripcion) VALUES
(1, 1, 3945, 'Cemento - Material utilizado para la construcción, formando el hormigón o concreto.'),
(2, 2, 100, 'Arena - Material granulado utilizado en construcción.'),
(3, 3, 200, 'Grava - Piedras pequeñas utilizadas en mezclas de concreto.'),
(4, 4, 5000, 'Ladrillos - Bloques de arcilla cocida utilizados en construcción.'),
(5, 5, 5000, 'Bloques de hormigón - Bloques prefabricados de hormigón utilizados en la construcción para formar paredes y estructuras.'),
(6, 6, 10000, 'Hierro (varillas corrugadas) - Varillas de hierro con corrugaciones utilizadas como refuerzo en estructuras de hormigón armado.'),
(7, 7, 200, 'Vigas y columnas de acero - Elementos estructurales de acero utilizados para soportar cargas verticales y horizontales en construcciones.'),
(8, 8, 3000, 'Baldosas y azulejos - Revestimientos cerámicos utilizados en pisos y paredes para protección y decoración en construcciones.'),
(9, 9, 10, 'Niveladores - Niveladores utilizados para corregir el desnivel de suelos ceramicos.'),
(10, 10, 800, 'Yeso - Material de construcción utilizado para revestir paredes y techos, proporcionando una superficie lisa y uniforme.'),
(11, 11, 1500, 'Tableros de yeso - Paneles prefabricados de yeso y fibra utilizados para construir paredes interiores y falsos techos de manera rápida y económica.'),
(12, 26, 50, 'Cascos de seguridad - Equipos de protección diseñados para proteger la cabeza de impactos y objetos caídos.'),
(13, 27, 80, 'Gafas de protección - Dispositivos diseñados para proteger los ojos de partículas, líquidos y radiaciones.'),
(14, 28, 100, 'Guantes de trabajo - Equipos de protección para las manos utilizados para proteger contra cortes, abrasiones y químicos.'),
(15, 29, 60, 'Calzado de seguridad - Zapatos diseñados para proteger los pies de impactos, caídas de objetos y riesgos eléctricos.'),
(16, 30, 40, 'Chalecos reflectantes - Prendas de vestir con material reflectante utilizadas para aumentar la visibilidad en condiciones de poca luz.'),
(17, 31, 20, 'Arnés de seguridad - Dispositivos de sujeción utilizados para proteger contra caídas desde altura.'),
(18, 34, 100, 'Tuberías de PVC - Tuberías fabricadas con policloruro de vinilo, utilizadas para transportar agua potable y otros líquidos.'),
(19, 35, 80, 'Tuberías de cobre - Tuberías fabricadas con cobre, conocidas por su durabilidad y resistencia a la corrosión.'),
(20, 36, 60, 'Tuberías de hierro galvanizado - Tuberías de hierro recubiertas con una capa de zinc para proteger contra la corrosión.'),
(21, 37, 120, 'Conexiones y accesorios - Piezas utilizadas para unir y conectar tuberías, incluyendo codos, uniones, llaves de paso, etc.'),
(22, 38, 50, 'Grifos y válvulas - Dispositivos utilizados para controlar el flujo de agua en tuberías.'),
(23, 39, 30, 'Sanitarios - Equipos de baño que incluyen lavabos, inodoros, bidés, etc., utilizados para el manejo de aguas residuales.'),
(24, 40, 20, 'Duchas y bañeras - Instalaciones de baño que incluyen sistemas de ducha y bañeras para el baño y la higiene trabajador.'),
(25, 41, 40, 'Herramientas de fontanería - Herramientas utilizadas por fontaneros para instalar, reparar y mantener sistemas de fontanería.'),
(26, 42, 15, 'Llaves de tubo - Herramienta utilizada para instalar, reparar y mantener sistemas de fontanería.'),
(27, 43, 10, 'Cortatubos - Herramienta utilizada para instalar, reparar y mantener sistemas de fontanería.');

INSERT INTO DetalleSRI (id_SRI, id_insumo, cantidad, descripcion) VALUES
(1, 2, 3945, 'Cemento - Material utilizado para la construcción, formando el hormigón o concreto.');

/*Comprobante de recepcion de Solicitud de Requerimientos de insumos*/
INSERT INTO CRSRI (id_SRI, fecha_recepcion, hora_recepcion, personal_recepcion, estado_recepcion, descripcion) VALUES
(1, '2024-04-21', '08:30:00', 1, 'conforme', 'Se recibió el pedido completo y en buen estado.'),
(2, '2024-04-22', '09:15:00', 2, 'incompleto', 'Falta un artículo del pedido.'),
(3, '2024-04-23', '10:00:00', 3, 'conforme', 'Todos los ítems del pedido fueron recibidos correctamente.'),
(4, '2024-04-24', '11:45:00', 4, 'no_recepcionado', 'No se encontró ningún pedido para recibir.'),
(5, '2024-04-25', '13:30:00', 5, 'conforme', 'Los materiales fueron entregados a tiempo y en buen estado.'),
(6, '2024-04-26', '14:15:00', 6, 'incompleto', 'Algunos artículos del pedido estaban dañados.'),
(7, '2024-04-27', '15:00:00', 7, 'conforme', 'Se verificó y recibió todo el pedido según lo solicitado.'),
(8, '2024-04-28', '16:45:00', 8, 'no_recepcionado', 'El pedido aún no ha sido entregado por el proveedor.'),
(9, '2024-04-29', '08:30:00', 9, 'conforme', 'Los artículos del pedido estaban bien embalados y en buen estado.'),
(10, '2024-04-30', '09:15:00', 10, 'conforme', 'Se revisó y aceptó el pedido sin problemas.'),
(11, '2024-05-01', '10:00:00', 1, 'incompleto', 'Falta documentación adjunta al pedido.'),
(12, '2024-05-02', '11:45:00', 2, 'conforme', 'Todos los materiales fueron recibidos según lo solicitado.'),
(13, '2024-05-03', '13:30:00', 3, 'conforme', 'El pedido fue verificado y está completo.'),
(14, '2024-05-04', '14:15:00', 4, 'incompleto', 'Se encontraron algunos artículos dañados durante el transporte.'),
(15, '2024-05-05', '15:00:00', 5, 'conforme', 'Los materiales fueron entregados a tiempo y en buen estado.'),
(16, '2024-05-06', '16:45:00', 6, 'no_recepcionado', 'La entrega del pedido se retrasó y aún no ha llegado.'),
(17, '2024-05-07', '08:30:00', 7, 'conforme', 'Se recibió el pedido completo y en buen estado.'),
(18, '2024-05-08', '09:15:00', 8, 'conforme', 'Todos los ítems del pedido fueron recibidos correctamente.'),
(19, '2024-05-09', '10:00:00', 9, 'incompleto', 'Falta un artículo importante del pedido.'),
(20, '2024-05-10', '11:45:00', 10, 'conforme', 'Los materiales fueron recibidos y están listos para su uso.'),
(21, '2024-05-11', '13:30:00', 1, 'conforme', 'Se verificó y recibió todo el pedido según lo solicitado.'),
(22, '2024-05-12', '14:15:00', 2, 'incompleto', 'Algunos artículos del pedido estaban dañados durante el transporte.'),
(23, '2024-05-13', '15:00:00', 3, 'conforme', 'Los materiales fueron entregados a tiempo y en buen estado.'),
(24, '2024-05-14', '16:45:00', 4, 'no_recepcionado', 'La entrega del pedido se retrasó y aún no ha llegado.'),
(25, '2024-05-15', '08:30:00', 5, 'conforme', 'Se recibió el pedido completo y en buen estado.'),
(26, '2024-05-16', '09:15:00', 6, 'incompleto', 'Falta un artículo importante del pedido.'),
(27, '2024-05-17', '10:00:00', 7, 'conforme', 'Todos los ítems del pedido fueron recibidos correctamente.'),
(28, '2024-05-18', '11:45:00', 8, 'conforme', 'Se revisó y aceptó el pedido sin problemas.'),
(29, '2024-05-19', '13:30:00', 9, 'incompleto', 'Faltan varios artículos del pedido.'),
(30, '2024-05-20', '14:15:00', 10, 'conforme', 'Los materiales fueron recibidos y están listos para su uso.'),
(31, '2024-05-21', '15:00:00', 1, 'conforme', 'Se verificó y recibió todo el pedido según lo solicitado.'),
(32, '2024-05-22', '16:45:00', 2, 'incompleto', 'Se recibió una cantidad incorrecta de un artículo.'),
(33, '2024-05-23', '08:30:00', 3, 'conforme', 'Los materiales fueron entregados a tiempo y en buen estado.'),
(34, '2024-05-24', '09:15:00', 4, 'no_recepcionado', 'La entrega del pedido se retrasó y aún no ha llegado.'),
(35, '2024-05-25', '10:00:00', 5, 'conforme', 'Se recibió el pedido completo y en buen estado.'),
(36, '2024-05-26', '11:45:00', 6, 'incompleto', 'Se encontraron algunos artículos dañados durante el transporte.'),
(37, '2024-05-27', '13:30:00', 7, 'conforme', 'Todos los materiales fueron recibidos según lo solicitado.'),
(38, '2024-05-28', '14:15:00', 8, 'conforme', 'Los artículos del pedido estaban bien embalados y en buen estado.'),
(39, '2024-05-29', '15:00:00', 9, 'incompleto', 'Falta un artículo importante del pedido.'),
(40, '2024-05-30', '16:45:00', 10, 'conforme', 'El pedido fue verificado y está completo.');

/*SOLICITUD DE REABASTECIMIENTO DE ALMACEN SOREA*/
INSERT INTO SOREA (id_proveedor, recepcionista, fecha_solicitud, fecha_recepcion, descripcion) VALUES
(5, 12, '2024-05-01', '2024-05-02', 'Solicitud de reabastecimiento de materiales de construcción.'),
(18, 7, '2024-05-03', '2024-05-04', 'Solicitud de nuevos suministros eléctricos.'),
(10, 15, '2024-05-05', '2024-05-06', 'Reabastecimiento de herramientas para construcción.'),
(3, 8, '2024-05-07', '2024-05-08', 'Solicitud de materiales de pintura y acabados.'),
(14, 19, '2024-05-09', '2024-05-10', 'Necesidad de nuevos equipos de seguridad.'),
(9, 2, '2024-05-11', '2024-05-12', 'Solicitud de materiales para instalaciones sanitarias.'),
(6, 17, '2024-05-13', '2024-05-14', 'Reabastecimiento de herramientas eléctricas.'),
(13, 4, '2024-05-15', '2024-05-16', 'Solicitud de vidrios y cristales para proyectos.'),
(20, 11, '2024-05-17', '2024-05-18', 'Necesidad de nuevos suministros de construcción.'),
(2, 16, '2024-05-19', '2024-05-20', 'Solicitud de materiales de ferretería para obras.');

/*Tabla de detalles de solicitud de Reabastecimiento (SOREA)*/
INSERT INTO DetalleSOREA (id_SOREA, id_insumo, cantidad, unidad_medida, precio_unitario, descripcion) VALUES
(1,1, 50, 'Bolsas', 10.50, 'Cemento para obras de construcción.');
INSERT INTO DetalleSOREA (id_SOREA, id_insumo, cantidad, unidad_medida, precio_unitario, descripcion) VALUES
(1,2, 100, 'Piezas', 8.75, 'Varillas de hierro para refuerzo estructural.'),
(2,3, 200, 'Metros', 1.20, 'Cable eléctrico para instalaciones.'),
(2,4, 50, 'Piezas', 2.50, 'Interruptores para sistemas eléctricos.'),
(3,5, 20, 'Piezas', 15.99, 'Martillos de uso general.'),
(3,6, 5, 'Piezas', 89.99, 'Taladros eléctricos para trabajos pesados.');
INSERT INTO DetalleSOREA (id_SOREA, id_insumo, cantidad, unidad_medida, precio_unitario, descripcion) VALUES
(4,7, 30, 'Galones', 20.00, 'Pintura para interiores.'),
(5,9, 10, 'Piezas', 50.00, 'Cámaras de seguridad para instalación.'),
(5,10, 15, 'Piezas', 12.99, 'Sensores de movimiento para sistemas de seguridad.'),
(6,11, 100, 'Metros', 3.50, 'Tubos de PVC para instalaciones sanitarias.'),
(6,12, 5, 'Piezas', 25.00, 'Grifería para baños y duchas.');
/*(7, 'Taladros Inalámbricos', 8, 'Piezas', 120.00, 'Taladros inalámbricos de última generación.'),
(7, 'Brocas para Hormigón', 30, 'Piezas', 8.99, 'Brocas especiales para perforación en hormigón.'),
(8, 'Vidrios Templados', 15, 'Metros cuadrados', 35.00, 'Vidrios templados para puertas y ventanas.'),
(8, 'Espejos de Baño', 10, 'Piezas', 50.00, 'Espejos para baños comerciales.'),
(9, 'Ladrillos Cerámicos', 500, 'Unidades', 0.50, 'Ladrillos cerámicos para albañilería.'),
(9, 'Arena Fina', 2, 'Toneladas', 40.00, 'Arena fina para mezclas de mortero.'),
(10, 'Tornillos para Madera', 200, 'Piezas', 0.10, 'Tornillos para fijación en madera.'),
(10, 'Clavos de Acero', 500, 'Piezas', 0.05, 'Clavos de acero para estructuras de madera.');*/

select * from DetalleSOREA;

 /*Tabla de comprobante de recepcion solicitud de reabastecimiento*/
INSERT INTO CRSOREA (id_solicitud, fecha_recepcion, monto_total, estado, descripcion) VALUES
(1, '2024-05-02', 525.00, 'recepcionado', 'Solicitud de reabastecimiento de materiales de construcción.'),
(2, '2024-05-04', 275.00, 'recepcionado', 'Solicitud de nuevos suministros eléctricos.'),
(3, '2024-05-06', 585.97, 'recepcionado', 'Reabastecimiento de herramientas para construcción.'),
(4, '2024-05-08', 405.00, 'recepcionado', 'Solicitud de materiales de pintura y acabados.'),
(5, '2024-05-10', 774.85, 'recepcionado', 'Necesidad de nuevos equipos de seguridad.'),
(6, '2024-05-12', 225.00, 'recepcionado', 'Solicitud de materiales para instalaciones sanitarias.'),
(7, '2024-05-14', 1104.92, 'recepcionado', 'Reabastecimiento de herramientas eléctricas.'),
(8, '2024-05-16', 1225.00, 'recepcionado', 'Solicitud de vidrios y cristales para proyectos.'),
(9, '2024-05-18', 250.00, 'recepcionado', 'Necesidad de nuevos suministros de construcción.'),
(10, '2024-05-20', 35.00, 'recepcionado', 'Solicitud de materiales de ferretería para obras.');
